GEOID,INTPTLAT,INTPTLON,rpe_1d_1y
0900962290,41.4992466,-72.9756339,2469.4239319788244
0900914160,41.5118273,-72.9036174,2477.985188018602
0900919550,41.3261239,-73.0825739,2493.452604081685
0900922910,41.2934528,-72.8589937,2468.1584880430737
0900322070,41.929719,-72.7453782,2326.7851560367703
0900322630,41.7606953,-72.6076462,2306.92551303158
0900325990,41.983993,-72.5555531,2307
0900327600,41.7304396,-72.842901,2427.9814719263477
0900331240,41.6918834,-72.5521735,2316.021778431176
0900337070,41.7659331,-72.6815789,2332.456432026263
0900337140,42.0012054,-72.9540266,2397
0900344700,41.7752402,-72.524434,2304.5679199774254
0900350440,41.6765545,-72.7861613,2422.4506199488133
0900352140,41.6869933,-72.7308386,2384.307179909671
0900360120,41.6739923,-72.8544338,2454.9589399446477
0900368940,41.8763123,-72.8292909,2369.074540108143
0900370550,41.606877,-72.8787842,2477.628863981475
0900371390,41.8380902,-72.5778358,2309.07082404
0900382590,41.7665678,-72.7549436,2363.9085199674428
0900384900,41.7024837,-72.6693014,2346.0353699649295
0900387000,41.8710365,-72.6750825,2313.4855199821072
0900387070,41.9277901,-72.6516158,2303.8590839821795
0901152350,41.3329572,-72.0961765,2479.413684016096
0900901220,41.3442494,-73.0698254,2492.6889760608824
0900904580,41.422964,-72.9941871,2480.539148995141
0900907310,41.2799516,-72.7859518,2453.645931415438
0900934950,41.3390318,-72.7060901,2451.1838160399993
0900100000,41.0779471,-73.2165184,NA
0900156060,41.0927388,-73.4197955,2536.626380059392
0900104720,41.3697777,-73.3895032,2519.435974776818
0900108070,41.1873933,-73.1957567,2470.956000120985
0900108980,41.4698845,-73.3936666,2481.005060298461
0900118500,41.3987408,-73.4781032,2491.208543840767
0900118850,41.0521498,-73.4797138,2548.015890329864
0900123890,41.2649447,-73.3004792,2523.9806804684945
0900126620,41.1759399,-73.272046,2491.516616120511
0900133620,41.0453658,-73.6340183,2532.947815881736
0900148620,41.3392358,-73.2228275,2526.0808492270303
0900150580,41.160393,-73.5001238,2542.2231279209054
0900150860,41.4803182,-73.4868629,2451.6001678008233
0900152980,41.3994806,-73.2939682,2525.900839940186
0900163970,41.3202526,-73.4987451,2512.7899639004468
0900168170,41.3045774,-73.1392153,2504.5203933753564
0900168310,41.5812374,-73.5015702,2405.1465586851527
0900173070,41.0796114,-73.5460803,2540.916995940597
0900174190,41.2056875,-73.1279855,2462.54750012
0900177200,41.2728914,-73.2118988,2509.8435842008817
0900183430,41.2274128,-73.3670614,2529.0947360399196
0900183500,41.1208312,-73.3434638,2506.146639319412
0900186370,41.2112765,-73.4409755,2538.1468199600004
0900163480,41.3054148,-73.3925837,2525.2401799401177
0900312270,41.8587259,-72.9108619,2408.6068560427498
0900967610,41.3854647,-73.0836379,2498.0730960416786
0900949950,41.4884782,-73.0519199,2473.495619940938
0900714300,41.4117284,-72.4871458,2468.185183919999
0900324800,41.9040094,-72.5644729,2308.782123937549
0901540500,41.829902,-71.8490975,2411.005556244818
0901100000,41.2546899,-72.2261939,2444.4599095548915
0901142390,41.632955,-72.2400896,2422.469295873084
0901143230,41.6027656,-72.0122612,2418.250287992488
0900365370,41.6566243,-72.6617787,2367.1791958885915
0900374540,41.9999149,-72.6787509,2310.4398960620956
0900718080,41.6166088,-72.6615596,2390.5207435515144
0900720810,41.4689218,-72.6845254,2454.1018159420782
0901142600,41.4311315,-72.0203029,2461.558256167004
0900935650,41.3973285,-72.9222256,2484
0900946520,41.5367771,-72.7945433,2468.6357649545225
0901301080,41.7329821,-72.3746584,2341.7072718508803
0901316400,41.6937069,-72.3056713,2380.7881198269865
0901317800,41.7802124,-72.343758,2349.6216318905954
0901344910,41.7892725,-72.2284642,2375.4461958565053
0900565930,41.5555302,-73.2960236,2463.136215759639
0900566420,41.986226,-73.4252735,2254.7729399002196
0900952070,41.3108088,-72.924953,2482.4943600213323
0900953890,41.3638391,-72.7848682,2463.95481898796
0900954870,41.3814653,-72.8563709,2481.8161801015453
0900957600,41.2849513,-73.0246368,2488
0900978740,41.4586575,-72.8045163,2480.0839120434102
0900980070,41.5585001,-73.0366845,2461.097859979014
0900982870,41.2721212,-72.9674973,2488
0900987700,41.3635379,-73.003892,2487.9670400210866
0900332640,41.97148,-72.8301588,2377.3571680648797
0900345820,41.636439,-72.4540018,2346.401743857205
0900302060,41.7871585,-72.8520463,2405.1461439262303
0900304300,41.605451,-72.7784967,2446.4381813539794
0900305910,41.8449305,-72.7409509,2333.4590039857094
0900308490,41.6815776,-72.9407487,2464.8550064277965
0900310100,41.7490794,-72.9486573,2438.83141588
0901536000,41.7830301,-72.0645718,2390.6697426019373
0900781680,41.3036945,-72.4780169,2466.9433400400003
0900700000,41.2247864,-72.4370409,NA
0900719130,41.3678191,-72.4774422,2473.0000000000005
0900722280,41.4766614,-72.3921201,2437.503159800002
0900722490,41.5677366,-72.5095441,2367.0809354695057
0901106820,41.5450583,-72.175228,2458.7026052857946
0901115910,41.5572706,-72.344247,2409.152095539515
0901123400,41.3560679,-72.2298414,2465.147180016512
0901129910,41.6212115,-72.1426091,2434.9092399199994
0901133900,41.5847725,-71.9210907,2387.7344680888905
0901134250,41.3477177,-72.0313446,2474.522704048207
0901144210,41.3986146,-72.3315456,2460.427772790096
0901148900,41.4638999,-72.1555701,2477.971708794222
0901155500,41.4709693,-71.8725254,2385.5895150941005
0901156270,41.5478603,-72.089488,2459.5088519039223
0900726270,41.3498623,-72.4133829,2469.5894240629186
0900735230,41.4808086,-72.5486358,2436.0878426911404
0900740710,41.3744187,-72.5783279,2470.1006519775924
0901162150,41.5186523,-72.0065973,2438.6901520167207
0900747080,41.514163,-72.7178435,2451.883319963947
0900757320,41.2935043,-72.3835936,2459.2517480630113
0900761800,41.5988341,-72.589071,2363.1251919071274
0900747360,41.5486107,-72.6567838,2421.1517021088016
0901306260,41.7645891,-72.4375753,2320.7335011733103
0901325360,41.9141491,-72.4455676,2321.802107959999
0901337910,41.6585843,-72.3934198,2354.142434149824
0901369220,41.9926327,-72.4537254,2307.76815192
0901372090,41.9838788,-72.3075745,2304.125929462896
0901376290,41.8830194,-72.3588694,2328.511015896911
0901377830,41.9998845,-72.1622435,2320.0743164936916
0901378250,41.8375605,-72.4590404,2323.4151519772213
0901385950,41.8972671,-72.2518477,2335.164569923706
0900946940,41.5246912,-73.1230162,2474.873111900716
0900947535,41.2250861,-73.0611101,2472.69778409909
0900958300,41.4437516,-73.1479427,2496.7527399406395
0901157040,41.3123196,-72.3057421,2455.9783520400006
0901173770,41.3635101,-71.9113676,2427.092811977911
0901567400,41.6921799,-72.0996602,2413.336047943892
0900900000,41.1874659,-72.8153339,NA
0900944560,41.3444788,-72.6245426,2464.392344017735
0900969640,41.4759797,-73.2296916,2496.186209486596
0900504930,41.6357587,-73.2114217,2422.3035717591156
0900508210,41.520294,-73.3610927,2465.7655077800623
0900510940,41.9629594,-73.3071433,2286.1556603632184
0900516050,42.0053723,-73.0637316,2368.2641558763958
0901501430,41.8971227,-72.1714268,2347.61933589633
0901509190,41.7872432,-71.9574014,2391.642647935667
0901512130,41.6939604,-72.0091181,2404.2247519599987
0901513810,41.7908895,-72.1295395,2387.7350398561985
0900517240,41.8496485,-73.3300949,2314.4037638398477
0900532290,41.8495372,-73.2340016,2346.926031818882
0900537280,41.7613447,-73.0604432,2428.6627238590877
0900540290,41.729782,-73.45414,2333.7078398203107
0900549460,41.6943231,-73.2099985,2400.9628158791056
0901521860,41.8955903,-72.0933042,2361.361823896086
0901559980,41.6974568,-71.8968484,2415.927469833981
0901561030,41.8680405,-71.9722603,2378.61289188567
0900543370,41.7409368,-73.192751,2395.9149278789982
0900551350,41.8410525,-72.998664,2411.6128454843765
0900552630,41.6012664,-73.4228069,2407.1552998202133
0900553470,41.969922,-73.178483,2325.3917717677823
0900554030,42.0222208,-73.2956407,2266.403363779454
0900567960,41.8607627,-73.4492152,2287.0111279002945
0900575730,41.6649542,-73.0960607,2440.6428926640465
0900576570,41.8340717,-73.1314085,2386.6961478386165
0900579510,41.7358548,-73.3428314,2353.3838542639355
0900579720,41.6561747,-73.3101747,2393.5942157997238
0900580490,41.6172455,-73.1143619,2444.637651899254
0900586440,41.9272131,-73.1093363,2362.132860633382
0900587910,41.5616321,-73.2060959,2468.3124438799996
0900987560,41.594792,-72.9685135,2471.5219736065897
0901573420,41.7012,-71.8159882,2438.806831990453
0901575870,41.9902867,-71.8670243,2355.33119192
0901588190,41.9662084,-72.0227864,2354.1099839200006
0900903250,41.443685,-73.0519252,2483.719848001876
0901166210,41.4893505,-72.2583804,2452.766643913202
0901171670,41.6355702,-72.0775268,2425.069583967924
0901178600,41.5791925,-71.8312276,2381.764321458102
0901180280,41.3516858,-72.146834,2476.5822160162543
0901562710,41.9080271,-71.8704519,2379.6560158553957
0901586790,41.7144745,-72.168667,2406.5491398563217
0900560750,41.6663915,-73.0265164,2459.0205693316975
0900715350,41.2951299,-72.5300394,2464.9067477423496
0900502760,41.9357077,-72.9729214,2407.3762607622984
2302921730,44.9109583,-67.0089131,2120.44498812
2302928660,45.2203109,-67.7544481,2119.1859586447836
2302935905,44.6655035,-67.5949703,2325.088541276888
2302941610,44.8054011,-67.0317838,2104.314056039617
2302941960,44.6963013,-67.444269,2332.775375840001
2302951375,44.8197738,-67.6151116,2247.4687299352818
2302957780,44.9168049,-67.1349551,2139.905812118592
2302961035,45.180373,-67.558146,2134.6413541002007
2302501395,44.8362855,-69.9663907,2037.920491978975
2302501885,44.9652597,-69.6669351,2037.3559625449727
2302507380,45.0661839,-69.7057705,2024.9234038886812
2302509935,44.7821763,-69.5463165,2047.6388439599996
2302510495,45.2123872,-69.9034294,1885.258159698587
2302511820,45.0045553,-70.0176044,1979.3633437185915
2302517285,45.6584831,-70.3387661,1690.7748324844752
2302517460,44.7730914,-69.3015372,2027.9570600752174
2302523410,44.9256864,-69.9330384,2039.488415898771
2302531355,44.9771472,-69.5455539,2034.7576640399996
2302532895,45.093193,-70.1005015,1896.0266397196237
2302535345,45.6188824,-70.1771749,1717.294967530936
2302542660,44.8263541,-69.7997127,2047.1280160710294
2302545110,44.6445293,-69.908,2055.228466586402
2302549835,44.7329386,-69.8201399,2039.9999999999995
2302556520,44.8431509,-69.3683556,2012.1448354669997
2302559005,44.769837,-69.4337529,2041.7894679521626
2302559705,45.0937757,-69.969875,1949.5795797084966
2302564850,44.9274107,-69.3873536,2000.950997948103
2302568910,44.7682387,-69.6776098,2045.058168756092
2302569155,44.6418193,-69.7998896,2051.963367919999
2300901185,44.8698857,-68.4004558,2080.3359118938884
2300902165,44.8751345,-68.2668831,2115.431915888429
2302569505,44.9393802,-69.8081422,2049.77437596
2302573845,44.7366691,-69.9541415,2039.0997079599997
2302576190,45.2996262,-69.9283179,1838.791914501923
2301333840,44.2411781,-69.1885129,2312.6672996541506
2300326735,47.2741176,-68.3982297,1658.2185603639932
2300327855,45.8098273,-68.1017157,1919.9621718800008
2300330725,46.2267974,-67.9748308,1857.8935438066162
2300332195,45.7831219,-67.9927855,1925.5761158800026
2300332685,46.0770593,-68.3579386,1845.7586518800001
2300379865,47.150199,-68.6134946,1706.4761199600007
2300380285,46.7915591,-68.109755,1704.5129079600006
2300383540,46.9751293,-68.2472485,1684.48448396
2301901115,45.0433526,-68.7743492,2052.560816011579
2301914380,44.9804728,-69.0107477,2018.9999999999998
2301934365,44.9926362,-68.8884754,2023.8829519661442
2300383785,45.7225583,-67.8653794,1947.1720158399992
2300387215,46.8840579,-68.1195081,1691.4130519599994
2300311335,47.018163,-67.8632272,1633.8820509986108
2300325755,47.2353421,-68.5657433,1690.9070919548572
2300333385,46.0496959,-67.8304501,1880.6078777774705
2300335065,45.9858067,-68.2027754,1879.2371199246027
2301708150,43.9307985,-70.9185838,2228.487027505405
2301708710,44.2605742,-70.3671286,2149.9067598907322
2300734820,44.751142,-70.0490843,2032.4774003884806
2301102100,44.3349037,-69.7341987,2109.934667880001
2301112350,44.2664086,-69.7302019,2131.9377078887564
2301112735,44.4144727,-69.5352715,2103.0613918563035
2301113470,44.6654738,-69.540766,2063.6431439599996
2301124670,44.2605484,-69.8278048,2126.272464539625
2300333980,46.1403853,-67.8423458,1875.8550988451616
2300339300,46.90692,-67.8630059,1641.851724071116
2300339965,46.050372,-67.9721956,1881.3809213399072
2300340595,46.235924,-67.8433315,1866.0780199570997
2300342450,45.6328276,-68.2401015,1975.5070282925367
2300342520,47.2932982,-68.2518091,1626.3255239558316
2300300800,47.0941438,-69.102951,1709.3486239268098
2300301220,45.913372,-67.8453936,1885.8953599600002
2300301710,46.6504408,-68.3883728,1708
2300343255,46.7020076,-68.1120009,1714.25908796
2300343710,46.5592719,-67.8532254,1749.2750678429334
2300346685,46.3285164,-67.8471437,1835.1683339804135
2300347175,46.1700938,-68.3769445,1812.2662318800026
2300302760,45.6918268,-67.9691571,1959.4423518800008
2300305385,46.4875576,-67.8471231,1779.817579802912
2300515430,43.7871205,-70.2511537,2292.700449234056
2300307065,46.4135147,-67.8491551,1810.2360958429206
2300310565,46.8365493,-67.9360555,1680.054827956811
2300311020,45.9796894,-67.8471567,1884.0000000000002
2300311785,46.3917452,-68.2060352,1743.642702769755
2300349415,46.9763913,-68.1149617,1681.3330439599995
2300354385,46.075083,-68.1149751,1866.193027923745
2300355435,45.8217231,-67.8546391,1908.679683880001
2301124950,44.4340068,-70.0670336,2115.5440320302
2301127085,44.1950908,-69.793771,2144.425687888952
2301130550,44.2872407,-69.8180401,2121.0415456554365
2301143080,44.3424267,-69.8619349,2108.4087959600006
2301146405,44.2335047,-70.0147235,2135.2256919503625
2301154560,44.5792785,-69.7332342,2058.98657996
2300330690,47.0779946,-67.8845527,1641.292648073943
2300360825,46.6889522,-67.991914,1713.8257359599997
2300364780,47.2357317,-68.3173048,1653.6673928458636
2300312000,46.5992969,-68.119375,1720.6571068519368
2300315990,47.0809849,-68.0051536,1665.2110236192545
2300319210,46.0921107,-68.2495819,1850.4436038841627
2300321380,46.6333043,-67.8476235,1727.9003063258742
2300325615,46.7762407,-67.859197,1684.6569879170504
2300365200,47.1607889,-68.7311185,1704.1572391012778
2300367790,45.8900128,-68.3593451,1903.3969279199994
2300369260,46.1614771,-68.1036778,1850.311360765581
2300373472,47.0019599,-68.3574187,1688.1033412879196
2301710005,44.4905874,-70.2945474,2109.470506630007
2301717250,43.9962093,-70.8137373,2238.7612918921177
2301717740,44.5335462,-70.3949586,2081.1588478616377
2301726910,44.0432475,-70.934046,2209.0350798924924
2300378570,47.1806753,-68.0083223,1655.6379279200014
2300379270,46.7957744,-68.248643,1705.0070719600003
2301729710,44.3457921,-70.6557008,2055.472451714882
2301731110,44.4944998,-70.7344211,1927.9676474435637
2300702235,44.7770108,-70.3079872,2001.376591741097
2300716165,44.9818595,-70.5915028,1753.2271038114293
2300719865,44.9733646,-70.3237645,1857.074279682393
2300724005,45.1815349,-70.5079502,1720.807763902339
2300724775,44.6769355,-70.1414906,2061.2820919099695
2300735625,44.5168965,-70.2021867,2111.944839919999
2301159110,44.1795084,-69.7039223,2164.935623817348
2301163835,44.5705083,-69.8930861,2070.7093359907394
2301178190,44.6289184,-69.428881,2077.093863887819
2301178745,44.4293349,-69.6482941,2080.9596239200005
2301732370,44.2092568,-70.3888783,2158.6129718908005
2301739422,44.9511887,-70.9838118,1709.35649183222
2301742835,44.8236917,-70.9789926,1731.6569959600008
2301745285,44.5530984,-70.4952597,2034.8481234775875
2301749275,44.520279,-70.8563486,1877.3991197599973
2302547455,45.1364737,-69.8759575,1947.5091356984144
2302551114,45.472133,-69.8808213,1784.645483929225
2302582840,45.3833246,-69.9992412,1801.7980524617806
2300749345,44.6502006,-70.0003097,2061.2075073011765
2300749520,44.7985679,-70.0967568,2014.9047398498953
2300761875,44.8675524,-70.6840327,1774.429363795144
2300774825,44.786174,-70.2085555,2009.7955997999973
2301179025,44.5548193,-69.9996825,2087.3052679504103
2301180740,44.5452848,-69.6613961,2062.1895723622793
2301186165,44.3154846,-69.571186,2127.840903816528
2301186515,44.5238496,-69.5771791,2073.1150638965623
2301756310,44.1449377,-70.4732155,2169.0365678510616
2301758270,44.4609146,-70.4519225,2088.1093438219905
2301760405,43.8378976,-70.9465682,2219.955320572682
2301764290,44.5599203,-70.6252639,1947.72489439737
2301704825,44.4444489,-70.7497897,1957.5724996757656
2301104475,44.5908175,-69.5179441,2075.9486079280978
2301161700,44.2372862,-69.7512474,2138.410611478681
2301774510,44.2630583,-70.8754774,2111.531027720001
2302100100,45.1928466,-69.4941931,2021.0752238799998
2302376960,43.9649766,-69.9556237,2231.2313056564262
2301182945,44.224584,-69.8755116,2131.7911192368824
2301140175,44.172142,-69.9345002,2144.685919920001
2301147770,44.4664885,-69.9604504,2097.2754279905307
2301756625,44.2480012,-70.4908157,2138.081827891116
2302168140,45.3580396,-69.6302919,1904.2711557053399
2302137970,45.3717914,-68.8811743,1983.5568455303412
2302900660,45.0855964,-67.4755059,2162.4568639200006
2302903810,44.8137055,-68.0177163,2187.458767846885
2302916865,44.7267605,-67.9846151,2225.55859580668
2302944760,45.0485294,-67.3553452,2168.398698562022
2302957082,45.2898668,-67.6193498,2100.1985135407726
2302985290,44.7571515,-67.5398967,2289.736905749769
2302957090,44.9549298,-67.0430846,2134.1831520799997
2301186970,44.309991,-69.9630934,2113.3225192709824
2301775595,44.123107,-70.8054894,2192.9086398400013
2301780635,44.2028376,-70.7222725,2141.8249833751843
2300781300,44.6874683,-70.4492865,2001.3599233988948
2300785850,44.627562,-70.2488445,2084.5081002583474
2300787680,45.1357962,-70.3509161,1781.9691838027215
2301709550,44.7025963,-70.6475845,1869.7030756980107
2301755960,44.0906202,-70.5494194,2190.6634289990347
2301775035,44.3859089,-70.4495962,2111.5649900484614
2300775980,44.696586,-70.267203,2053.47065276129
2300714205,45.0938415,-70.4702654,1745.6143438621032
2302327295,43.7084052,-69.7578991,2298.772191345628
2302779480,44.4662411,-69.0927916,2182.7553398000023
2302703950,44.425874,-69.0264178,2209.9755998000023
2302709270,44.6739989,-69.3864601,2064.7830108730136
2302726280,44.5989532,-68.9283372,2089.402927873735
2302726420,44.494049,-69.3476428,2135.2080878151382
2302735450,44.6160009,-69.1419117,2096.319567839999
2301162190,44.3843883,-69.9501998,2104.701725265804
2302739055,44.3690927,-69.3359996,2186.0243315071298
2302746475,44.5980601,-69.0584889,2103.311225530062
2302746790,44.4326009,-69.2916717,2171.350359774795
2302747245,44.4281885,-69.1698382,2195.602952848452
2302752845,44.3591146,-68.9900466,2247.0312398000015
2302756450,44.3961145,-69.4306296,2143.405863823477
2302920960,44.7761526,-67.4165195,2282.6524677984207
2302761210,44.5649627,-68.8727059,2101.747087833906
2302766635,44.4709063,-68.9286617,2172.886867793731
2302775525,44.5169616,-69.0123354,2148.7784708391227
2302776610,44.5935525,-69.2374727,2105.09479984
2302777625,44.6741485,-69.2518443,2064.408719840002
2302786760,44.6507514,-68.908918,2063.799655913793
2302306365,44.0442235,-69.8637806,2191.7727198400007
2302358070,44.0608975,-69.7997483,2191.727649575916
2302362645,44.1168327,-69.8296069,2164.3873998490626
2302381930,43.872247,-69.8587405,2267.4910798799992
2300761840,44.9693793,-70.724751,1737.408727863684
2302301570,43.8639402,-69.7888919,2276.1763382769977
2300758445,44.8418403,-70.3696525,1934.3679811913335
2300770760,44.6490555,-70.3408184,2060.6569437812977
2302963275,45.0673414,-67.1499529,2149.9133799992514
2302963940,44.624333,-67.537967,2353.628039803909
2302974125,44.4821157,-67.938848,2338.746223876802
2302976895,45.4431206,-67.7719276,2049.9338381403686
2302978675,45.5731592,-67.4706507,2014.1626878800014
2302979375,45.3352168,-67.6049881,2086.5479679200007
2302106400,45.3190981,-69.2387378,1968.416455920001
2302108325,45.3565177,-69.0175243,1976.5477788528608
2302118195,45.1780248,-69.1926964,2001.3764319670875
2302151105,45.9156393,-69.1022311,1841.2468887449418
2302153628,46.0663341,-69.4915858,1723.6693358080183
2302166950,45.2427423,-69.1046395,1994.0917256421992
2302185710,45.3031513,-69.3795593,1969.3655318800006
2301501010,44.0984676,-69.629176,2215.4171997368867
2301506050,43.7966303,-69.5990948,2314.704260008348
2301506120,43.8529649,-69.6373643,2309.1767798969336
2302981685,44.9146847,-67.637106,2208.2135078799993
2302985185,44.7603219,-67.2550471,2232.9131575530537
2302945600,44.4595686,-67.8635255,2343.703535920001
2301944340,45.3158949,-68.7395643,2008.1227318056817
2301945670,44.9933779,-68.5759447,2074.5026800851742
2301955225,44.9541709,-68.7396886,2035.7388920856822
2301957150,45.9914146,-68.4926767,1866.9695398449157
2301957936,44.9513826,-68.6963736,2039.3101644778676
2301506855,43.9800698,-69.4303812,2321.491759855651
2301507485,43.8920868,-69.473191,2328.1666639279574
2301516235,44.022351,-69.4907559,2294.672223816027
2301518475,44.0861731,-69.7369877,2193.7598637775536
2301522675,43.9759894,-69.6109523,2281.5860751582177
2301535695,44.1715983,-69.5145909,2209.8113280679963
2300348575,47.1622867,-68.4861636,1695.8652279951048
2302735240,44.2988885,-68.915242,2270.8625598737776
2302704125,44.3886644,-69.119442,2225.4683197668573
2301901500,45.0732898,-68.6942457,2077.970584011083
2301906925,44.7844612,-68.7345586,2017.3646559599997
2300328590,47.2510153,-68.1429619,1631.1344918800005
2300341715,46.1622767,-67.9684131,1872.5998695904905
2300343990,46.5190396,-68.375609,1704.0000000000002
2300345180,46.1706775,-68.2670447,1824.5107358442183
2300348120,46.6977998,-68.4958057,1705
2300353602,46.8586885,-69.175824,1693.1613957395912
2300362400,45.6921383,-68.0891118,1958.8868079199997
2300365025,47.1343539,-68.8650726,1703.3775319600006
2300369930,45.823219,-68.1935394,1918.14115988
2300382770,46.533465,-67.9660756,1743.0235278432851
2301909200,45.2615746,-68.3937049,2062.250458897628
2301910810,45.4023002,-68.0254718,2051.447951920001
2301912105,45.0776517,-69.0314323,2019
2300348960,46.1172394,-67.975572,1876.862631923311
2301764185,44.6642258,-70.6023281,1918.2747556973125
2302902480,45.182325,-67.4416805,2136.241999920001
2302919870,44.8560918,-67.3252665,2216.262791839312
2302931530,44.5281555,-67.7999218,2329.7520638827664
2302943640,44.7503589,-67.4750197,2301.2846597999983
2301783890,44.3192775,-70.5226467,2114.124891822432
2300102060,44.0845366,-70.2496493,2205.4161384755166
2300138565,44.2953505,-70.133074,2142.5539868801775
2300140665,44.4116381,-70.2161865,2128.10342796
2300160020,44.0481059,-70.3935627,2208.18187588
2301548645,44.0522769,-69.5675223,2258.79183771154
2301549660,44.1012484,-69.4826583,2257.766238694293
2301569645,44.2892739,-69.4857471,2163.779571743994
2301570240,43.8821693,-69.5495398,2321.194907928195
2301571955,43.8133391,-69.6628684,2305.9557919685467
2301584140,43.9046083,-69.6992334,2283.024995817319
2300782235,44.785649,-70.535355,1886.6197196162693
2301180880,44.3415504,-70.0679846,2125.1721039901972
2301100590,44.5084258,-69.445189,2107.1324478557426
2301104020,44.5230922,-69.8375746,2073.7354614172455
2301541280,43.9101846,-69.4004395,2331.9999999999995
2300140770,44.4453367,-70.1380761,2121.12872798998
2300943578,44.1135344,-68.5062509,2417.40626916993
2302562995,44.9973333,-69.4044255,2002.0677107473184
2302567238,46.0961726,-69.9924034,1707.5476959904308
2300955890,44.7215064,-68.4900967,2079.742115734724
2300980040,44.6641675,-68.3116401,2172.4885158172683
2302509655,45.0444943,-69.4498977,2020.8725266995862
2300907975,44.3500242,-68.7664772,2234.7483658290375
2300911800,44.6117548,-68.3656641,2184.2740901281713
2300917145,44.2305345,-68.7917971,2283.507579880001
2300930970,44.5245724,-68.2852501,2271.26668324658
2300943430,44.7460095,-68.38631,2108.36497977376
2300953620,44.9358143,-68.434126,2079.4870927320558
2302514555,44.8665823,-69.6744599,2041.723312149486
2302531740,44.8798231,-69.5205004,2032.9968529019704
2302547140,45.7034397,-70.2213746,1709.935047970279
2302553636,45.3868085,-70.2589547,1746.1474891209846
2301585010,44.198014,-69.6196894,2170.126473142599
2301587075,44.0147795,-69.6886474,2239.4927757458786
2301974055,44.8716402,-69.1139263,2012.560863893688
2302707870,44.5375694,-69.1217595,2137.9583597999967
2300751400,45.2887846,-70.6320558,1693.306607943107
2300765655,44.9125934,-70.5389047,1802.4382677137912
2300712595,44.5386608,-70.1094778,2102.6708902651367
2302902970,45.0924148,-67.3051518,2156.89016890721
2302912175,45.0108217,-67.2730042,2166.461899998869
2302913610,45.4636631,-67.6869706,2046.5812838800011
2302737585,44.5178732,-69.2165202,2142.9384398071625
2302739755,44.2954425,-69.0664245,2286.2344998000026
2302766565,44.3682521,-69.1862925,2224.528791774139
2302778255,44.5701476,-69.3624413,2104.253907847616
2301787355,44.4007467,-70.5581104,2069.5324148443415
2302913750,44.6728306,-67.8097141,2282.4557440742324
2302914100,44.9889651,-67.4228789,2184.8938439584035
2302914940,45.0481611,-67.575552,2171.4413359200007
2302915920,44.6488046,-67.2248768,2278.1285360341135
2302156765,45.1074175,-69.4228545,2017.8222349728562
2302916410,45.6364406,-67.8356975,1980.3813838799997
2300737025,44.974822,-70.1910048,1914.8237117505544
2302303355,43.9316919,-69.8444943,2245.202908100895
2302358515,43.7410993,-69.8261406,2294.56808396
2302387460,43.9596558,-69.7693507,2242.2625512736017
2300140035,44.0194953,-70.0789321,2220.453543910161
2300146160,44.1379401,-70.3363339,2182.84895397283
2300177800,44.2651065,-70.2479796,2156.374439919999
2301955680,44.6887779,-68.7628054,2042.5399558800018
2301978015,45.2994218,-68.2597418,2065.4697518841945
2301978780,44.8474416,-68.7141887,2015.1929920399998
2301924110,44.9632249,-69.1250054,2005.998703933754
2301973250,45.3990623,-68.1744243,2047.5736254831595
2301985230,45.2975468,-67.9741799,2083.0641367851254
2301301465,44.2978558,-69.270421,2241.9349597019914
2301326805,43.9530795,-69.3466018,2336.907783967565
2301378115,44.2294265,-69.2871193,2281.9513960900717
2301919868,45.1093017,-68.4305009,2102.3837959599996
2301917950,44.6975708,-69.1437029,2059.3745118800007
2302903670,44.4461687,-67.6028545,2371.2746758843073
2301579550,44.1220835,-69.3833538,2288.390095710719
2302912455,44.631269,-67.9271202,2276.672357892511
2302913820,44.6992437,-67.7136186,2288.149493426325
2301335135,44.0465595,-68.6268884,2362.582579162792
2301347962,44.0420446,-69.0385145,2362.2434800667825
2301351620,44.102333,-68.9534251,2338.0420640273105
2301356135,44.0653275,-69.0749783,2371.666162527263
2301363590,44.1238833,-69.130452,2374.7882439931054
2301363660,44.169677,-69.0932936,2365.8762815841
2302137095,45.1538035,-69.5984499,2024.4728674425521
2302146020,45.2705636,-68.9896422,1994.7753039264567
2302146580,45.2972185,-69.4991491,1975.168899800003
2302165865,45.1242079,-69.2870578,1996.4049480400001
2300710915,44.5994741,-70.4107369,2057.4164739025587
2301365130,43.9088397,-69.2331902,2337.638704047214
2301372585,44.0402343,-69.1337059,2377.178727442775
2301376365,44.107714,-69.1714252,2376.5032959270206
2301379130,44.0216011,-68.7934792,2328.9078679599997
2302181405,45.0770226,-69.5864458,2041.0325479479377
2301532715,44.3257398,-69.4270148,2169.4195677434477
2301546335,43.758927,-69.3189459,2322.57124004
2301168385,44.4382487,-69.7556992,2081.0775373100323
2301701325,44.5912335,-70.7724243,1853.6351717559696
2301746105,44.4585054,-70.6006962,2017.2794106711112
2301754000,44.2258668,-70.6100214,2131.305730169901
2302900380,44.5231003,-67.707431,2341.3362439224793
2302909585,45.1429518,-67.2175289,2139.9002374882734
2302917355,44.9238739,-67.245967,2172.308196495477
2302936010,44.5607592,-67.4822337,2377.9177348344674
2302942100,44.628815,-67.378484,2358.0446799185393
2302953500,45.1563568,-67.7954243,2138.2115518800006
2302958165,44.9835423,-67.101382,2145.190916079401
2302975770,45.3379048,-67.7715935,2082.767482950862
2302524320,44.6516554,-69.6612751,2055.044295112417
2301380215,44.1280105,-69.2438847,2359.978987821743
2302103740,45.562359,-69.4306631,1885.6746958556528
2302144830,45.2868319,-68.8951091,2000.2472518861648
2301937760,45.1663672,-68.8081966,2042.845513490743
2301936325,44.9159213,-68.9279419,2021.0866317378052
2300905700,44.4021376,-68.5277179,2254.0248145153773
2301938705,44.8768163,-68.9966512,2022.2820439599998
2300907800,44.2583531,-68.5463234,2346.1940996254066
2300908815,44.642021,-68.7596645,2061.1701798057434
2300911265,44.4090064,-68.8155328,2202.24873341688
2300914905,44.2586827,-68.2266102,2559.456629069834
2300916935,44.7008917,-68.5579582,2066.662015770239
2300919770,44.674153,-68.223137,2191.4553197281653
2303101605,43.4398088,-70.5280318,2306.760674551781
2303114485,43.7671861,-70.808863,2265.555972084054
2303116725,43.5505681,-70.5738328,2300.6400639713725
2303122955,43.1465674,-70.7743732,2325.874493567549
2303139195,43.6884813,-70.781883,2276.3480799440376
2300923200,44.5829304,-68.4800944,2157.9707517697557
2300926350,44.6005457,-68.2444784,2230.932279688292
2300926595,44.1502287,-68.247902,2571.279204004157
2300928975,44.9504903,-68.3050885,2108.840578391345
2300938180,44.4919882,-68.3200565,2280.6027915775153
2303139405,43.7457983,-70.6997996,2292.5262510484754
2303141750,43.4997132,-70.6479572,2298.53441596
2303150325,43.3522584,-70.7794351,2313.9677879720102
2303154980,43.2319797,-70.5854656,2320
2300947630,44.3336389,-68.3304054,2447.2780994264776
2300955505,44.5763199,-68.6699152,2108.9284117309326
2300957920,44.4827026,-68.705997,2161.234487725576
2300967300,44.3468802,-68.6343652,2258.12423173071
2303155085,43.5337707,-70.356845,2320.9999999999995
2303156870,43.7333572,-70.8940422,2235.859743889466
2303170030,43.2306123,-70.7524244,2320.9999999999995
2303136745,43.3667143,-70.430941,2315.8923229260618
2303138425,43.3999085,-70.9127855,2269.3739398497023
2300969750,44.4763274,-68.1799866,2345.52891160789
2300972865,44.2574506,-68.3128193,2529.4439875817925
2300974580,44.1504635,-68.6453275,2332.1315597815583
2300975280,44.4674623,-68.5073288,2214.514732631985
2300975455,44.1273867,-68.4411733,2463.794984045603
2300977345,44.2570242,-68.4582193,2413.5383635136714
2300977415,44.4655401,-68.3908996,2266.1905693172635
2300978925,44.5355356,-68.780694,2118.0385639943756
2300986655,44.353843,-68.1384554,2474.5788557123697
2300902865,44.39747,-68.2638076,2409.211951416817
2300955855,44.7960516,-68.2448397,2134.3022007792993
2300974965,44.5348898,-68.1534474,2300.338156672605
2300313900,47.0097356,-67.9925027,1668.5323760332737
2300311300,46.6983864,-68.2271613,1713
2300327120,46.6069394,-68.5089486,1707.0000000000002
2301939475,45.354924,-68.4395081,2025.4863878447522
2301941435,45.2140279,-68.5074293,2078.266607840002
2300502655,43.8393208,-70.744838,2278.020383903808
2302170655,45.1708525,-68.9139184,2017.8274919262237
2301902795,44.8296254,-68.7887668,2018.0083681847293
2301906575,45.08826,-68.9066811,2025.332853865953
2301906680,44.8944804,-68.5467521,2042.4547920101656
2301910670,44.8004538,-69.0031168,2033.8910879200012
2301944270,45.5421512,-68.2915641,1998.3960198842933
2301945810,45.6496165,-68.6827834,1943.5460199599997
2301948505,44.7047554,-69.0129288,2055.9065246855585
2301949065,44.8672167,-69.2188382,1995.5414038471706
2301952710,45.8848234,-68.6930368,1893.299159845537
2301955565,44.88168,-68.738644,2019.3016000400005
2300528870,43.9049196,-70.367727,2261.1017038507334
2300541067,43.6769364,-70.1547563,2300.3194514149563
2300566145,43.5712034,-70.3341696,2320.9555919599998
2300586025,43.7946894,-70.4053294,2297.1541691768866
2300507170,44.0475125,-70.743319,2226.3954998800004
2300510180,43.5673345,-70.2035092,2313.386734701098
2300524495,43.7404718,-70.2771725,2302.6433839599995
2300527025,43.8356976,-70.5202063,2284.6325895149653
2300386865,46.9691223,-68.6302254,1704.79467604
2301912525,45.433183,-68.505804,1991.2558553354643
2301913365,44.7951865,-68.4790607,2058.1933878146224
2301914310,44.9434715,-69.258242,1986.2275400072908
2301917530,45.0405785,-69.2815193,1995.2651268399304
2301918580,45.5798412,-68.0938698,1995.7571678800016
2301921030,45.6536396,-68.5973397,1946.0632479600006
2301957045,45.1929858,-68.5947765,2083.1519318452333
2301959950,44.7852824,-69.2362765,2022.9060852979774
2301960790,45.5046663,-68.076604,2017.8385695592413
2300512300,43.7353201,-70.0810075,2290.6862911619028
2300920405,44.9539498,-68.1650816,2131.7081699083446
2300928450,44.4314885,-68.0768429,2388.770807756378
2300144585,44.1048969,-70.4046803,2187.73711588
2301922535,44.8058128,-68.6110909,2024.3047821733508
2300319420,47.0583816,-68.6561538,1710
2300548820,43.9575077,-70.2960108,2244.7972278800003
2301922710,45.1686632,-68.6890344,2075.892159891052
2301923620,45.28411,-68.5822307,2040.884425949352
2301923865,44.7638663,-69.1280682,2036.803903886888
2301927190,45.0772584,-69.1587713,2000.7924268629765
2301927645,44.8926944,-68.8453277,2023.0000000000002
2301967160,45.3926023,-68.757516,1981.4092578869745
2301973600,45.896629,-68.4952563,1899.7135598800007
2301981055,45.4631206,-68.20429,2025.762886032893
2301986305,45.4774334,-68.3389798,2009.0608318488776
2301987390,45.5253867,-68.4498515,1980.7079508055356
2301344165,43.9040684,-69.0092904,2331.9999999999995
2300553860,43.8460922,-70.2417983,2278.453667949657
2300560545,43.6331574,-70.1853051,2306.3838573386247
2300560685,43.9039141,-70.1820179,2261.060615919999
2301929185,45.0721779,-68.5893948,2096.9339720052167
2301930795,44.732873,-68.8828788,2037.0006959938733
2301932510,44.8201098,-68.9173278,2028.0868239600006
2301933490,44.7618374,-68.6759671,2023.110040415274
2301934190,45.2673968,-68.715311,2033.3122158056062
2300561945,43.917583,-70.4684497,2256.17011988
2300571990,43.631402,-70.2859894,2315.5991123901335
2300582105,43.7079198,-70.3526019,2312.54962396
2300356205,46.447311,-68.5125528,1717.8278924890392
2300374405,47.0690049,-68.1229132,1671.2194119600001
2300315395,45.9890991,-68.3835862,1872.514447121142
2300119105,43.9560209,-70.1324175,2244.3324758800013
2300129255,44.1897541,-70.1450885,2170.3454593795245
2300358060,46.8924629,-68.2157801,1693.4044519600006
2300360300,46.7868583,-68.4929011,1700.0770039600006
2302774475,44.5140187,-68.8390499,2132.9404309707083
2302505000,45.0177314,-69.8133653,2031.0128598490123
2301771755,44.3246351,-70.8437322,2057.0981677077916
2301937075,45.5774402,-68.211789,1993.4320281654593
2302549205,44.8991453,-70.0699592,1996.5830223603837
2300138740,44.0895127,-70.172095,2203.3119946268716
2300164570,44.0939071,-70.0719896,2191.170023651644
2300179585,44.1509213,-70.0624789,2168.1657999102126
2302306260,44.0734328,-69.9707483,2183.735030886836
2301380425,44.2606394,-69.3915239,2213.9616157108185
2301938005,45.3028144,-68.0861434,2078.32454392
2301945005,45.6424028,-68.4786709,1959.436154657848
2301947560,46.0971095,-68.494033,1829.420524208869
2301938530,45.3760425,-68.2981723,2039.469123884312
2301309725,44.2223433,-69.0630564,2336.9795917933156
2301315125,43.785232,-68.8540796,2389.0313438981098
2301315780,44.0139223,-69.2587056,2362.0813319745853
2302101920,45.1581414,-69.06071,2012.5230319600003
2302105560,45.2461609,-69.6479106,1972.806371674001
2302129535,45.4621803,-69.5433184,1882.7186758163525
2302130095,45.2059651,-69.3401324,1996.0319035517596
2303100275,43.5366466,-70.9402576,2230.8126478757176
2303104720,43.2993201,-70.842062,2304.4867079044107
2303136535,43.3804271,-70.553959,2309.8487479600003
2303167475,43.554017,-70.8327964,2264.1647838643507
2303187985,43.165494700000004,-70.5910103,2326.640635959999
2303164675,43.5279586,-70.4195711,2317.1514679708953
2300710740,45.0643441,-70.2727491,1839.1952637217578
2303100730,43.4785681,-70.7270912,2301.143655920001
2303104860,43.4387329,-70.3929427,2320.3468759708117
2303109410,43.6362598,-70.5388421,2307.7140924119467
2303133665,43.6310191,-70.614369,2301.172436374934
2303137270,43.0048522,-70.6043548,NA
2303148750,43.6380776,-70.8760109,2241.136075916933
2303165725,43.4241422,-70.7578593,2309.159819931944
2303180530,43.6077226,-70.737125700000007,2282.064082157868
2303181475,43.311089,-70.6325882,2318.0695200712726
2300508430,43.8964047,-69.973436,2256.86287192
2300511125,43.9519795,-70.5132276,2244.7873798800006
2300526525,43.8448264,-70.0899526,2272.2416639199996
2300528240,43.7013527,-70.4629821,2311.9616832104493
2300531390,43.7336746,-69.9713969,2291.45904796
2300531600,44.1026868,-70.6523883,2193.4969318683834
2300548085,43.9757686,-70.6392975,2245.439003908423
2300566775,43.8875458,-70.6553581,2280.131194168387
2300573670,43.7754972,-70.58199,2301.44033596
2300587845,43.788137,-70.156478,2285.179718578141
2300357936,45.5768324,-68.4230007,1976.8327965382925
2301774685,44.2013783,-70.9721512,2154.0076237600006
2301727505,44.4025119,-70.9432192,1983.902271652517
2301731670,44.3943671,-70.3314027,2125.9548349962097
2301733315,43.8489972,-70.8307642,2255.045223876511
2301741365,44.1924713,-70.8858033,2160.0172198000014
2301752575,44.9271304,-70.9214615,1718.187391189927
2301778465,44.7285984,-70.9835836,1746.1684319571912
2500502690,41.9316531,-71.2945028,2420.8403360263906
2500516950,41.829273,-71.152087,2407.0127600399987
2500520100,42.0405144,-71.1093268,2418.756956267195
2500538225,42.017302,-71.2164203,2417
2500545000,41.6613028,-70.9379126,2467.7149130514467
2500549970,41.9653413,-71.1817803,2416
2500556375,41.8468781,-71.2448699,2405.4772335844946
2500562430,41.7384794,-71.165065,2397.501927986414
2501105560,42.6918507,-72.5598402,2172.4779159600002
2501705070,42.3953169,-71.1802841,2366.6596958797672
2501711000,42.3760428,-71.1186798,2388.8917119061275
2501713135,42.5970548,-71.3696996,2254.832367827684
2501721990,42.4059375,-71.0546487,2400.884311945728
2501730700,42.1959508,-71.4534301,2375.842377746315
2501112505,42.6331304,-72.8547116,2170.5076638584505
2501114885,42.6947306,-72.7109556,2167.13232796
2501743895,42.2848223,-71.3488109,2344.606663853776
2501748955,42.5784007,-71.0844481,2349.466347758871
2501752805,42.6706425,-71.6028575,2231.8622024023007
2501768260,42.3833674,-71.4210704,2303.949035584334
2501769415,42.6120881,-71.2278451,2292.465459826805
2501771025,42.6677617,-71.4288204,2223.778743894025
2501773440,42.3694508,-71.1779249,2369.6129398797448
2501773790,42.3604268,-71.3610994,2320.707453505027
2501780230,42.5646465,-71.1645158,2331.3062993478725
2501761380,42.2319469,-71.3729634,2359.7435078538538
2501761590,42.5736544,-71.6409862,2246.9381948023797
2502308085,41.9723761,-70.9787727,2422.8533916353745
2502309000,42.082543,-71.0246378,2417.0000000000005
2502311665,41.8751792,-70.7467149,2470.47849596
2502330210,42.2243188,-70.8806733,2420.056663984651
2502333920,41.8343838,-70.9568262,2450.735655905124
2502354310,41.894085,-70.6186096,2467.20979996
2502354415,41.9591,-70.8027525,2453.747399904169
2502360330,42.2050615,-70.7429781,2438.9999999999995
2501147835,42.677091,-72.4538758,2170.463255942795
2501129475,42.5755716,-72.9007887,2186.7112175929824
2500701585,41.3340004,-70.8234318,2464.58004804
2501531785,42.2817975,-72.8626463,2331.3685999199984
2501731085,42.2240957,-71.5404885,2364.825547880001
2501738715,42.3496175,-71.547214,2313.7281445993517
2501745560,42.3317684,-71.2083997,2364.8516918400264
2501700380,42.483953,-71.4384947,2274.6125518681088
2501701605,42.4187215,-71.1639124,2370.7449558796093
2501701955,42.6762927,-71.8325227,2234.678317745198
2501702130,42.2577546,-71.4735257,2348.892323419421
2501703005,42.5665731,-71.575135,2243.022455920001
2500103690,41.661478,-70.3569515,2473.538476123872
2500107980,41.7475128,-70.0662227,2413.446724030202
2500123105,41.5949385,-70.5992513,2491.633886509391
2500151440,41.7656765,-69.9661951,2406.1690198155266
2500174385,41.9168051,-70.0271001,2403.1198743987666
2500960015,42.4684323,-71.0139456,2406.9411799054774
2500970150,42.641387,-70.9433833,2364.36112389252
2500977150,42.7995647,-70.9644283,2361.201339997758
2500901465,42.6480437,-71.1617514,2301.473763799588
2500907420,42.6831075,-71.0271876,2335.1272558065107
2500921850,42.6404197,-70.7711718,2387.635405564336
2500934550,42.7002733,-71.1613574,2289.878539879587
2500937490,42.4747664,-70.9620346,2420.6397279051566
2500937560,42.5341456,-71.0383332,2383.9478781649377
2500937995,42.562563,-70.7605566,2408.7458749696457
2500940710,42.7426414,-71.1786505,2278.607066863642
2500943580,42.4193586,-70.9298314,2431.8404639449564
2501116670,42.5179668,-72.6131394,2192.4207119822977
2501142040,42.7277722,-72.9853464,2115.899386933291
2500959105,42.4992484,-70.8982037,2429.189180482931
2501135180,42.4688984,-72.4845789,2191.5827239373007
2501352144,42.1888618,-72.3064803,2251.836583960001
2501358650,42.161251,-72.8538057,2363.426255926205
2501370045,42.1021459,-73.0345546,2371.2269760892173
2501135285,42.697576,-72.6276057,2169.939024412987
2501145490,42.4585511,-72.327191,2209.94773592
2501151265,42.6054372,-72.2920738,2175.695071920001
2501336300,42.048054,-72.569275,2299.6836881984977
2500726325,41.4397224,-70.867682,2469.1008507418155
2500769940,41.4730705,-70.6174223,2491.26846004
2500107175,41.7174595,-70.5918241,2477.7136733826396
2500139100,41.6176232,-70.4927131,2491.1550236192256
2500159735,41.7132003,-70.4857371,2471.8981863062395
2500182525,41.674949,-70.2260136,2451.9408836014018
2500100000,41.7990145,-70.2118803,2422.9256360297504
2501308470,42.1281757,-72.2053516,2269.0956398964345
2501376030,42.1388377,-72.7559114,2316.5164240074278
2501717475,42.679723,-71.3006796,2247.093888237428
2501900000,41.3058778,-70.1419099,2402.4690481399334
2501717825,42.6761491,-71.4997715,2221.0256709566897
2501943790,41.2934161,-70.1021689,2390.1105935466326
2501142285,42.5566171,-72.5170752,2186.7059479600002
2501161135,42.6186496,-72.6792789,2182.265577227715
2501735215,42.4452217,-71.2300145,2345.768175880229
2501735425,42.4255064,-71.3108115,2319.047091880978
2501735950,42.5359311,-71.4905688,2253.196547854217
2501372390,42.0613129,-72.2344109,2284.798047856528
2502107740,42.2061879,-71.0023199,2407.7574519600003
2502116495,42.2468719,-71.1794622,2387.804443906504
2502125172,42.0848585,-71.4105714,2422.31697996
2502146050,42.1162441,-71.3292739,2406.664991906283
2502155745,42.2610059,-71.0089876,2405.1666266079774
2502139765,42.1845991,-71.3053065,2381.955158069587
2500112995,41.6216288,-69.9819556,2382.8283096742002
2500129020,41.6971085,-70.0701673,2411.060866101133
2500155500,42.0569267,-70.1904751,2380.3312040399996
2500170605,42.0135566,-70.0641514,2393.801831969792
2500116775,41.7061233,-70.1648227,2433.2572087213193
2500119295,41.8415724,-69.9889257,2408.511311960001
2501379740,42.1268831,-72.4309522,2271.5480559199996
2502723875,42.601977,-71.8158697,2245.2975226254302
2501762535,42.3904453,-71.1010331,2392.1554937707197
2501739625,42.4259551,-71.4562562,2285.8087861254903
2501739835,42.4238438,-71.1092309,2387.4233279060686
2501740115,42.455723,-71.0590194,2396.6485839057573
2501767665,42.4742082,-71.0976654,2382.619522781158
2501768050,42.4296884,-71.512514,2281.8763587625945
2501772215,42.5043613,-71.0640612,2385.574224251198
2501776135,42.5855413,-71.44025,2245.1400878940594
2501780510,42.4527518,-71.1443188,2371.8539426279663
2501781035,42.4887033,-71.1543831,2360.633291839524
2501705805,42.5596744,-71.2609482,2302.9149357605165
2501727480,42.6116355,-71.5647433,2234.1316663449234
2501756130,42.5351829,-71.1054234,2361.659783759065
2501770360,42.6650015,-71.7119371,2246.6998199599993
2501772600,42.3889211,-71.2422678,2345.113059880346
2501777255,42.3605016,-71.3034335,2332.6555758672744
2501109595,42.5920917,-72.7886057,2192.3469878800015
2501115200,42.5085673,-72.7071592,2214.965007906024
2501129650,42.6932675,-72.8231158,2161.760107916706
2501158335,42.6955322,-72.9091479,2138.876775877241
2502124820,42.0613376,-71.2458016,2416.1427647670102
2501168400,42.4666914,-72.5467508,2190.607127982505
2501173265,42.6799712,-72.3398816,2154.9961599031467
2501125730,42.624101,-72.5086068,2181.0000000000005
2501174525,42.5563076,-72.4071526,2190.83514263277
2502709105,42.1808069,-72.1078882,2270.713175872264
2501501325,42.3635343,-72.5072913,2212.3768118973726
2502507000,42.3385513,-71.018253,2408.619279945505
2502581005,42.3755413,-70.9706464,2421.0448639452084
2502513205,42.3968243,-71.0313479,2405.56429394671
2502300000,42.0626995,-70.5623387,NA
2502300170,42.1157637,-70.956597,2420.8857809214273
2502317895,42.0444072,-70.7060604,2453.1711359599994
2502318455,42.0371161,-70.9421781,2422.438627972515
2502327795,42.0026344,-70.8637056,2435.894527904546
2501504825,42.2790098,-72.4004682,2241.0376479200004
2501519370,42.2654347,-72.6708131,2264.640552026365
2501527690,42.3564911,-72.5686319,2214.368449891388
2501572880,42.2754618,-72.2801578,2241.4445839599994
2501579915,42.4054143,-72.7260428,2260.1075191181303
2502331645,42.3402327,-70.8833012,2436.8317800123327
2502333220,41.9871959,-70.7419417,2459.503487931894
2502338540,41.7068394,-70.7509605,2482.738656925181
2502339450,41.6613631,-70.8120237,2484.0000000000005
2502352630,42.0678041,-70.8057131,2441.177935932093
2502357775,42.1292512,-70.9087358,2424.441559932413
2500523000,41.7253505,-71.0941619,2414.4929938672612
2500569170,41.9033244,-71.0949874,2424.0004400129915
2500577570,41.5797936,-71.0818218,2418.2123038659
2500500000,41.58184,-70.911743,2473.0908399724217
2502745105,42.326183,-72.1334314,2238.3580399599996
2502746925,42.1289365,-71.6557872,2358.42197901279
2500304545,42.2864593,-73.0848128,2249.071585157149
2500334655,42.3031741,-73.2339236,2165.644827818881
2500360225,42.5941657,-73.0223195,2139.0653278169157
2500371095,42.2408764,-73.1813284,2210.7468637978577
2500300555,42.6255598,-73.119828,2102.4191118592735
2500313345,42.5651072,-73.1491424,2117.8529493369924
2502755395,42.4541251,-71.8775397,2278.406409660073
2502758580,42.6889717,-72.1853265,2152.9076118963726
2502761800,42.2847672,-71.7142277,2345.7425840101764
2502763345,42.0597374,-72.0339083,2330.236910868724
2500314010,42.7227205,-73.1058185,2075.1506398784604
2500316180,42.4798193,-73.153776,2145.858811838758
2501526535,42.2449487,-72.5001426,2247.1574173968074
2502768155,42.1048104,-72.0877401,2300.7106318321416
2502768610,42.1320512,-71.750318,2344.1862808852115
2500324120,42.6800415,-73.0158137,2111.0579872326657
2500321360,42.1735328,-73.4449312,2189.6691878264414
2500326815,42.2216958,-73.3331753,2171.0551944967624
2500328180,42.5300119,-73.3166062,2102.8616339399505
2500330315,42.4358274,-73.1128124,2169.2889598577535
2500778235,41.3944058,-70.6564473,2475.3837160516305
2500750390,41.4571596,-70.5561006,2491.3591520399996
2502773090,42.1996041,-72.2000063,2254.046751936419
2502775400,42.2566908,-72.158169,2246.6971039599994
2502777010,42.5546,-71.9054402,2228.6423519110076
2500721150,41.3759343,-70.4807597,2470.3412466483687
2500713800,41.303014,-70.778694,2460.8616800400005
2500342460,42.1868935,-73.2231053,2216.473211778781
2500343300,42.0909195,-73.4701971,2223.768979880001
2500345420,42.0983596,-73.2458658,2247.081570752812
2500346225,42.6755506,-73.118109,2084.6287038592654
2502702480,42.5759263,-72.2295891,2181.777687920001
2502717685,42.0537777,-71.9350751,2340.769270127513
2500353050,42.408169,-73.0353403,2210.1155357560397
2500353960,42.4518397,-73.2606845,2123.714955919421
2500356795,42.3834973,-73.3591868,2114.358231900014
2500361065,42.1036505,-73.3598875,2222.4993198600173
2502730560,42.3558009,-71.8625737,2319.7773598861163
2502763165,42.2996253,-71.5284274,2335.0911438656626
2502775015,42.2684262,-71.6133087,2347.5777119199993
2502782000,42.2694781,-71.8077831,2353.2946839104047
2502771480,42.1765255,-71.6035879,2369.455843909137
2500367595,42.3019692,-73.3230236,2138.528255859902
2500373335,42.3697676,-73.1551696,2175.0072162437514
2500377990,42.3123539,-73.3880437,2128.051452024455
2500380685,42.5198375,-73.0496901,2160.9700638171626
2502769275,42.5634822,-72.0754719,2188.768879912065
2500300975,42.2543991,-73.42904,2146.9163238799997
2500334970,42.3678582,-73.2697633,2135.6596661895733
2500344385,42.6135175,-73.2257782,2091.162415899602
2500351580,42.2043457,-73.0849616,2283.452043565817
2500359665,42.1074964,-73.1186066,2309.0049757156075
2500379985,42.6957427,-73.2221178,2064.7243558391797
2500516425,41.5665098,-70.9582285,2462.5439839051305
2500525240,41.7793795,-71.0195258,2434.266735199254
2500556060,41.9304801,-71.0462145,2428.84238796
2500568750,41.7581626,-71.2141812,2388.076023986721
2501121780,42.6134178,-72.4264276,2182.88986396
2501127100,42.6146712,-72.5970627,2179.9999999999995
2501342145,42.0935962,-72.3214936,2270.8633295943523
2501365825,42.0525703,-72.7773529,2351.1033040689426
2501552560,42.3716476,-72.4124883,2221.8061170825413
2502174175,42.3059316,-71.282917,2351.676335867146
2502773895,42.0470748,-71.8458053,2339.7025490717224
2502775155,42.3694173,-71.7850362,2336.509771879999
2502741585,42.036642,-71.5787791,2395.24248388347
2502703740,42.4188835,-72.1120769,2214.479839544947
2502730945,42.1230066,-71.531404,2393.941455868691
2502734165,42.4835693,-71.6755848,2271.683994765467
2502728950,42.5042565,-71.5885131,2260.9689704312987
2502725485,42.5842062,-71.9887369,2203.098399911524
2502753225,42.5559497,-72.1508948,2183.656079332163
2502753120,42.4592215,-72.2163354,2206.247087943532
2502728740,42.3532213,-72.2171131,2234.11344396
2502741165,42.1586917,-71.5214188,2387.773479868627
2502328495,42.0502398,-70.8673595,2433.6132943791886
2502375260,42.0216172,-71.026717,2417
2502379530,42.0789741,-70.9393902,2422.773175972507
2502500000,42.3891057,-70.700216,NA
2502556585,42.4210055,-70.99036,2417.970399917999
2502340850,41.8780043,-70.8692669,2453.4669398922897
2502357600,41.7608637,-70.8389561,2481.162046284937
2502705490,42.384929,-71.6338895,2308.1004104899475
2500916250,42.5741744,-70.9505165,2388.272327785084
2500927900,42.6262226,-70.8572297,2383.3390118922525
2500945175,42.770406,-70.8724166,2381.5174560246005
2500932310,42.6959806,-70.8356476,2376.222287972185
2500941095,42.6105133,-71.0071181,2358.1608357716086
2500945245,42.8121411,-70.886646,2387.0207576556927
2500958405,42.7214946,-70.8866372,2369.182888012345
2501513590,42.3778524,-72.8419845,2296.473135879999
2501516040,42.4654945,-72.9182666,2243.1786557972973
2501526290,42.4376269,-72.8111413,2272.9518330397796
2502104930,42.0766822,-71.4744898,2417.4205839083343
2502109175,42.3238534,-71.1420033,2387.723364081354
2502111315,42.1757371,-71.1253849,2404.865359933084
2502114640,42.262428,-70.7988829,2437.9968382236766
2502141515,42.1731025,-71.3637564,2384.910799839999
2502141690,42.2415589,-71.0824369,2402.8088608500243
2502144105,42.2815935,-71.2424143,2368.2381278668977
2502150250,42.1873642,-71.1959711,2396.00003333855
2502155955,42.1789925,-71.052654,2410.02089996
2502167945,42.119006,-71.1036499,2413.2676939500557
2502172495,42.1462862,-71.2556036,2400.7188798934885
2500546575,41.9704544,-71.3349301,2424.7370839862647
2500500520,41.7182175,-70.9011509,2476.361891972388
2501179110,42.430995,-72.6424368,2213.338447986624
2501102095,42.5203242,-72.8056062,2232.244383840001
2501161905,42.4569676,-72.4172444,2203.3804778773956
2502102935,42.1324607,-71.054013,2414.011150945892
2502117405,42.2341598,-71.2911666,2369.0980232135894
2502130455,42.1403459,-70.9978612,2416.9168960581874
2502139975,42.1562029,-71.4303445,2395.8127959583203
2502154100,42.0128383,-71.336188,2422.8425600262626
2502178690,42.2196452,-71.2167679,2387.7034479299277
2502178972,42.2066757,-70.9458452,2408.698487208056
2502182315,42.0526709,-71.356858,2423.3229600261975
2502160785,42.1084634,-71.1851819,2413.6191362273494
2501319645,42.0623782,-72.498111,2293.3025519426565
2500900000,42.4533948,-70.6535866,NA
2500901260,42.8512932,-70.9558104,2375.1926737171743
2500905595,42.5566592,-70.84496,2413.535825895081
2500925625,42.7262256,-70.9833179,2343.8278935782128
2500929405,42.7829453,-71.0874356,2317.4766199588976
2500940430,42.8386028,-71.011997,2351.4981241711657
2500946365,42.6739092,-71.0913339,2318.54094693851
2500957880,42.656952,-70.6046301,2383.0370242618897
2500959245,42.8447944,-70.8414987,2398.3954840122024
2500968645,42.4680592,-70.8912602,2434.881671932358
2500974595,42.600668400000004,-70.8832599,2388.483196609529
2500952490,42.5342793,-70.9697817,2402.4606165444316
2501300840,42.0647311,-72.6534774,2303.627411335619
2502746820,42.3233423,-71.6462358,2332.1113126560435
2502701885,42.6486969,-71.9198962,2215.919926937565
2502702760,42.1987079,-71.8460062,2345.958511950641
2502706015,42.0399909,-71.5324059,2410.2360598430414
2502706365,42.4399331,-71.6018847,2283.8502479054396
2502707525,42.3550489,-71.716157,2333.5600759301656
2502714395,42.4118873,-71.6900054,2304.543324738541
2502717300,42.0530722,-71.7522414,2344.392710741259
2502718560,42.2096822,-72.0401777,2289.7122998477694
2502726430,42.2091512,-71.6836442,2348.1859371351484
2500560645,41.8397984,-71.3180471,2400.827424119999
2500505280,41.8380611,-71.0776152,2415.2535080129364
2502731435,42.4951109,-72.0023392,2215.6309870695754
2502735075,42.5208757,-71.7706106,2264.9847478800007
2502737420,42.5826069,-71.7204641,2250.981708425553
2502740255,42.0938697,-71.544519,2395.9072673455803
2502741340,42.1922464,-71.777649,2354.0354063627333
2500522130,41.6336673,-70.8713617,2479.9365959722963
2501330665,42.0467834,-72.1802118,2299.407143832713
2501546330,42.3270445,-72.6746304,2252.331912008435
2501554030,42.5123532,-72.9186658,2218.8683917359454
2501564145,42.2565324,-72.5802475,2246.5619239424013
2501582175,42.3975593,-72.9433922,2264.903899476061
2501562745,42.2269485,-72.7415876,2296.737716025703
2501576380,42.3140779,-72.7779767,2303.1929159853603
2502734795,42.2384267,-71.9123398,2326.818177654796
2502747135,42.2675643,-72.0668759,2264.6841358240235
2502758825,42.3882849,-71.9698654,2274.0878557428155
2502766105,42.2472111,-71.9918667,2304.2626558873167
2502750670,42.3508615,-72.044248,2250.0262727553895
2502751825,42.1282605,-71.8671001,2340.447987975386
2502752420,42.3116934,-71.940282,2306.5259038712265
2501540990,42.3673523,-73.0239895,2238.194919694879
2502767385,42.4479238,-71.7760449,2298.9965758400017
2502771620,42.0611658,-71.6436275,2368.9542038840805
2502780405,42.6681596,-72.0556441,2180.9662639119424
2501377890,42.1254511,-72.6497341,2290.3598279421863
2501306085,42.1901905,-72.9542627,2350.3589311115597
2501313485,42.2697278,-72.9344954,2324.901600170675
2501313660,42.1775863,-72.5701892,2265.491635902431
2501326675,42.0873555,-72.9083495,2399.5192799813826
2501328075,42.0711876,-72.4177176,2285.498575902903
2501330840,42.2116562,-72.642448,2266.390031964418
2501337175,42.1835768,-72.4578116,2260.147485068558
2501342530,42.2203954,-72.8349995,2333.204923984832
2501367000,42.115454,-72.5399783,2282.4830149885656
2501704615,42.4993321,-71.2819012,2318.1758638407127
2501707350,42.4859849,-71.5209848,2267.363623920001
2501709840,42.5032267,-71.201713,2343.8144718666426
2501711525,42.5368071,-71.361324,2279.531683827634
2501715060,42.4629107,-71.3644962,2298.194605538844
2502328285,42.1229562,-70.8563099,2431.48806793225
2502338855,42.1151393,-70.7103308,2444.177861528653
2502350145,42.1645688,-70.8188439,2432.2387319721324
2502372985,41.7610398,-70.701779,2480.763685192303
2501724960,42.3079052,-71.4361957,2328.8106438540485
2501731540,42.3890712,-71.5458637,2297.4380119056123
2501737875,42.4293799,-71.0587065,2399.441280119752
2500334340,42.5358751,-73.2410907,2111.0700626635244
2500938400,42.4956288,-70.8358197,2435.0245439600003
2501529265,42.3894016,-72.6168064,2214.695074313789
2502712715,42.1339347,-71.9680247,2325.38554776118
2500926150,42.6288499,-70.6858747,2389.0380119599995
2501737000,42.6389955,-71.3210199,2254.398473557174
2500927620,42.7539,-71.0159351,2336.1623851771083
3301773860,43.2753845,-71.1699559,2181.2811000021316
3301314200,43.2324926,-71.5612523,2091.9999999999995
3301316980,43.5283183,-71.8684716,1993.7704238707784
3301335860,43.5283063,-71.7691921,2017.4971399101646
3301337300,43.0821943,-71.446738,2112.5281239340825
3301354260,43.4017878,-71.5553924,2066.570927919999
3301101700,43.0502919,-71.9819675,2092.4140209585203
3301131940,42.7579351,-71.799416,2219.2134438551766
3301144580,42.8964089,-71.7683309,2166.0240198150805
3301151940,42.746256700000004,-71.8744336,2212.4663598954075
3300110660,43.7027754,-71.5104427,2036.326799988559
3301517460,43.1363215,-71.255077,2176.8458798139463
3301527940,43.0003692,-71.1191619,2289.9142517853275
3300500820,43.0917418,-72.3103211,2057.587408549119
3300519140,42.8892794,-72.0698494,2118.6207715096475
3300526500,42.7532048,-72.1530279,2139.7562278088194
3300529220,43.0412274,-72.2623685,2063.54565376519
3300534420,42.9485356,-72.068986,2101.794815872026
3300538500,42.8292541,-72.0599005,2141.904343807955
3300545460,42.8862255,-72.1776835,2086.8147798326972
3300545700,43.1385439,-72.2087693,2028.6241958799988
3300564420,42.7734838,-72.2787451,2111.398386085134
3300564580,42.756663,-72.013247,2177.221599871678
3300565700,42.9511048,-72.1997417,2071.8984199364177
3300573700,43.0763141,-72.1139519,2058.678467832305
3300574900,43.0206159,-72.2143736,2065.026091959999
3301500000,42.956866,-70.6348455,NA
3300768980,44.3671716,-71.0871137,1976.9985422683478
3301502340,42.8391129,-71.1671916,2284.6390658895366
3301502820,42.9970592,-71.3658063,2149.1187678153187
3301509300,43.0568952,-71.3406349,2152.1678238550103
3301512100,42.9845301,-71.2551041,2214.1503157874354
3301517140,42.9278919,-71.1198885,2302.470863848973
3301517940,42.8876135,-71.2820471,2215.2581198278513
3301521380,42.9258646,-71.0026333,2361.1322638508136
3301524660,43.054092,-71.0841046,2289.656671771824
3301525380,42.9884525,-70.9615424,2364.887535757729
3301531700,43.0397315,-70.8456219,2368.9542518122144
3301532900,42.8810608,-71.1718827,2280.1430838261435
3301540100,42.9137308,-71.0735952,2326.526607851696
3301550980,43.0621474,-70.7170709,2352.717755868183
3301145140,42.9849406,-71.4441315,2127.0226958681465
3301159940,42.7309921,-71.3370748,2219.4560687330195
3301176260,42.8267234,-71.8754157,2183.941029405766
3301101300,42.8748242,-71.6005331,2167.918444346874
3301104500,42.9355843,-71.5368709,2136.68965188
3301104900,43.0202839,-71.903705,2113.2390112420276
3301108100,42.749263,-71.6756699,2226.345707905208
3301117780,43.0831046,-71.8606029,2105.5101998707314
3301127140,42.997,-71.817788,2124.0854398952333
3301129860,43.0191982,-71.555445,2113.5157324122983
3301131540,42.9363191,-71.8671273,2139.869847855387
3301133700,42.9773389,-71.9978207,2108.200179895791
3301136180,43.1466849,-71.9510251,2069.447411831295
3301137140,42.7496243,-71.5854018,2213.246224499597
3301137940,42.7604969,-71.4093933,2194.093919853965
3301142260,42.8460813,-71.468283,2169.94048792
3301146260,42.7421807,-71.7509684,2228.3149478800005
3301147540,42.8520335,-71.5198762,2169.6530839056913
3301148020,42.8186453,-71.6733537,2201.0107250042774
3301149140,42.9088845,-71.694199,2164.7354398399993
3301150260,42.7490744,-71.4905435,2199.1984359057833
3301150740,42.9812095,-71.6775203,2136.115446745887
3301160580,42.890077,-71.9411569,2146.194623831232
3301168820,42.8162147,-71.9344238,2177.400995831189
3301179780,43.0780574,-71.703708,2118.1331119600004
3301185220,42.8353016,-71.7691548,2192.256655815083
3301185940,43.1130444,-72.0136387,2065.7237732095655
3300539300,42.9538419,-72.3068747,2075.3249640232484
3300575700,42.8582713,-72.2963597,2089.0148879200005
3300577380,42.8287983,-72.1889433,2102.786219832767
3300585540,42.7893136,-72.3952385,2122.4219759659495
3300536660,42.8092977,-72.5048221,2144.847203942634
3300575300,43.0187779,-72.3433831,2076.9526239831357
3300578420,43.081102,-72.4031267,2074.410723942952
3300101060,43.4883225,-71.2406169,2118.779215880325
3300103220,43.348588,-71.2568961,2136.3562838404755
3300104740,43.4744551,-71.4822076,2054.3312518541925
3300128740,43.5194993,-71.3758377,2068.959035907723
3301557460,43.1298473,-71.1318591,2235.46260377242
3301551620,43.0859238,-70.8274428,2345.1134567012837
3301552340,43.0709125,-70.9469391,2328.5639237575942
3301552900,42.8703694,-71.0459151,2339.970017663731
3301554580,42.9799344,-70.8294406,2393.782871892168
3301556820,43.2118559,-71.2233933,2173.232995840164
3300128980,43.4315902,-71.366322,2087.791895907664
3300140180,43.5765351,-71.4822628,2038.8269253305357
3300151540,43.6234361,-71.6325467,2021.6876679600005
3301562500,42.8455969,-71.0932598,2319.2265339505307
3301562900,43.0605935,-70.7803494,2359.253357539421
3301566180,43.0334671,-70.7192233,2365.6490872001436
3301566660,42.788266900000004,-71.2217245,2255.562398412487
3301567620,42.9340178,-71.1836046,2267.755103826331
3301574340,43.0149932,-70.9026023,2371.1787117847866
3301507220,42.9837228,-71.0539976,2325.987679811447
3301343380,43.3081338,-71.4491297,2089.4450705119193
3301350900,43.3140257,-72.0245513,1997.5584358317492
3301352100,43.4177205,-71.9906093,1986.0008478715367
3301361940,43.2885012,-71.3093678,2127.8873038409633
3301366980,43.3860989,-71.7729171,2047.0862118950927
3301375460,43.3221682,-71.9114565,2027.7899460726153
3300718420,44.8695924,-71.2564772,1723.4467358799993
3300725140,44.7582529,-71.1088122,1739.5096519599997
3300730260,44.3939597,-71.1998754,1892.351943678666
3300731780,44.2900172,-71.2181526,2078.391492964514
3300732420,44.1260781,-71.3324072,2231.389835696079
3300738820,44.3967405,-71.4646938,1813.883651802411
3300739940,44.4795952,-71.4054858,1791.8457278800013
3300747860,44.5538666,-71.218255,1757.1191647418673
3300748260,44.7477159,-71.2615739,1743.8888680264924
3300757860,44.7449409,-71.3813307,1750.10709196
3300761620,44.256955,-71.2415794,2138.491471373448
3300763860,44.3974894,-71.3050529,1865.6224298421184
3300704100,44.2226831,-71.3765888,2099.6517472986575
3300713780,44.8952038,-71.4095275,1702.5833318539671
3300743620,44.3295107,-71.3480938,1950.7644017872963
3300774180,44.7150525,-71.530115,1748.3525429675892
3301378580,43.2835439,-71.8306056,2059.604119870545
3300719300,44.6650096,-71.2518056,1734.7166720265232
3300767860,44.2155471,-71.3028985,2176.835262484004
3300702420,44.9958914,-71.1222809,1671.7914517730753
3300704260,44.289758,-71.1521975,2077.0342873170143
3300705140,44.4843279,-71.2771227,1786.9032598000026
3300708420,44.6593009,-71.0975221,1744.978587905995
3300710100,44.3052657,-71.4973762,1853.805221081766
3300716100,44.262335,-71.4015104,2012.431430535741
3300716660,44.2049269,-71.3358301,2164.6908233899085
3300718340,44.920423,-71.1918009,1704.657024991883
3300314660,44.0057853,-71.0651698,2218.514612067103
3300323380,43.9069604,-71.0475203,2208.662994227016
3300323620,43.7467328,-71.0419102,2193.04948798565
3300349380,43.7205148,-71.368582,2091.03208935132
3300358740,43.737249,-71.1503492,2168.842154193937
3301539780,42.9328701,-70.9642731,2376.9172718777545
3301564020,43.032583,-71.2031436,2234.383959746624
3301568260,42.8831227,-70.860823,2398.2012399722644
3301585780,42.8110921,-71.3026878,2213.8788038545367
3300903940,44.1829552,-71.987011,1771.6948078557589
3300908660,43.8308646,-71.6460723,2022.738895909401
3300922020,44.1011774,-71.7951151,1860.0521237254868
3300933860,43.7210227,-72.1852072,1904.246159735441
3300941300,43.6354277,-72.2538366,1903.0396079765862
3300512260,42.8880017,-72.4434717,2113.3559424229056
3300550580,42.9994818,-72.1217028,2079.4121679513983
3300582660,42.9680753,-72.4308561,2099.73642800573
3300942580,44.3433515,-71.7951184,1763.3836119351618
3300962660,43.743912,-71.7267441,2004.0356582657735
3300978740,43.9658028,-71.8591167,1889.4349757814443
3300907700,43.6244148,-71.7103242,2013.8313199348993
3300974740,44.21841,-71.8002397,1796.4806712579107
3300961060,43.9618509,-72.0012935,1847.578455855802
3300900580,43.6223223,-71.8562773,1981.3147719107033
3300907540,43.6512471,-71.6860046,2014.5297959348231
3300711220,44.261058,-71.3586538,2062.11491123047
3300713220,45.018249,-71.3255686,1656.808711866295
3300713940,44.8161845,-71.512441,1719.1227998942875
3300716820,44.3947733,-71.6889073,1760.10572226085
3300902020,43.7259668,-71.6425789,2021.2405739605408
3300725180,44.8004236,-71.3436588,1738.8983359200001
3300756100,44.568495,-71.5193004,1775.4129350176747
3300761780,45.145326,-71.2548765,1580.3286998665142
3300773380,44.9606699,-71.4069908,1680.439223920001
3300776580,44.2971193,-71.2778037,2051.867295240681
3300905060,44.0359247,-71.8465565,1870.219987781287
3300905460,44.260435,-71.6092032,1813.4258477237563
3300908980,43.687687,-72.0439868,1927.1767038959367
3300918740,43.748186,-71.9881837,1920.0709958557625
3300923860,43.911799,-71.7689963,1957.0500158203251
3300924340,43.6033139,-72.118598,1925.3705719361656
3300927300,44.1770455,-71.6187325,1866.5998091759243
3300930820,43.5746907,-71.9519192,1966.6136238712988
3300932180,43.7409075,-71.8866852,1947.0088324311641
3300935220,43.6935791,-71.7920474,1987.1791319103058
3300936900,43.7617614,-71.5825286,2031.455061025648
3300940660,44.1600939,-71.8852005,1803.4977485208356
3300942820,44.0694656,-71.4200163,2131.996307970538
3300948980,44.2966049,-71.9806843,1739.7252959357402
3301930500,43.2720918,-72.1010334,1993.9797246754144
3300942020,44.2422574,-71.8486165,1777.6193758306567
3300944100,44.2574639,-71.9344889,1757.3172953701676
3300944260,43.8166336,-72.0942954,1887.0079359200004
3300958340,43.6793406,-71.9218273,1953.7197038711113
3300958500,43.8833326,-72.0338448,1869.719537286586
3300965940,43.8347065,-71.7743353,1973.9894958203886
3300976740,43.9478765,-71.6357846,2002.8820038040076
3300979380,43.9428351,-71.4481154,2070.369499133019
3300980500,43.8587205,-71.9237177,1896.3222478066882
3300987060,43.9998891,-71.7144474,1950.352167764737
3301300660,43.1433412,-71.3861063,2119.8007878816816
3301306260,43.3117165,-71.6653806,2082.780848004745
3301306500,43.1331765,-71.5372422,2099.51881996
3300768500,44.9242696,-71.1254873,1706.532655151011
3300773060,44.5951258,-71.4032489,1766.9747719860525
3300774500,44.5126925,-71.0727134,1823.9358676116863
3300780740,44.8450263,-71.095874,1730.0968439600001
3300784420,44.3755126,-71.5895985,1779.7934479328342
3301306980,43.2241279,-71.9661752,2041.931907831388
3301309860,43.3525669,-71.5337648,2076.746121459477
3301312420,43.2652592,-71.4088353,2102.5484239079256
3301324900,43.2048124,-71.348563,2125.9398318813323
3301335540,43.1694073,-71.831201,2091.0981278952736
3301337540,43.2021909,-71.6967887,2097.2370919600003
3301941700,43.2365642,-72.1848691,1996.3368878800013
3301952580,43.3713455,-72.2027889,1955.0424118964277
3301962340,43.5438346,-72.2955406,1909.4796959199998
3301972740,43.491916,-72.0381143,1961.3226479118334
3301975060,43.3900947,-72.0931359,1966.3360199121755
3301978980,43.1900679,-72.0938788,2024.3100998560897
3301977940,43.2993048,-72.2745675,1979.7502718800001
3300934820,44.075844,-72.0046505,1806.1380998558157
3300941860,44.0946287,-71.6313844,1924.8412940508067
3301533460,42.9248106,-70.8862417,2396.150995972343
3301543220,42.8698392,-71.3878445,2175.036615907796
3301571140,42.8898024,-70.9595464,2379.0632959177124
3301301460,43.4507243,-71.7906003,2029.0820958703
3301533060,42.9391304,-70.8342732,2399.8801100060136
3300147140,43.6312114,-71.4985847,2036.6698359742425
3300167300,43.5241863,-71.6016068,2038.1952879200007
3300177060,43.4712114,-71.5764584,2050.90926392
3300300420,43.9594503,-71.2742511,2190.1636881341847
3300303700,44.0772373,-71.2212655,2285.536952079999
3300311780,44.127498,-71.0606912,2203.9495519613465
3300327700,43.8420363,-71.0751609,2199.2440724070143
3300332500,44.0384029,-71.1708879,2257.4530362403243
3300334500,44.1409119,-71.3756333,2177.366498654579
3300338260,44.1876201,-71.155763,2215.6509437872883
3300345060,43.9084585,-71.1538204,2195.5565720131735
3300367780,43.8385644,-71.443132,2070.3829636181426
3300376100,43.8640381,-71.2960679,2146.2513566358084
3300377620,43.6698765,-71.2758906,2118.019425022457
3300378180,43.5843555,-71.0048465,2198.7552599181304
3301765540,43.2198154,-70.8431074,2308.736418535873
3301769940,43.2534762,-70.8879437,2293.9763679046982
3301726020,43.3669235,-71.0625029,2206.467951138903
3301748660,43.4522291,-71.0146523,2213.2594550831823
3300746020,44.3304334,-71.2024792,1999.8011483493472
3300740420,44.472363,-71.5441487,1782.0185959343842
3301911380,43.2466311,-72.3838927,2011.238487802666
3301931220,43.5165899,-72.1490935,1931.4279899811806
3301703460,43.2155657,-71.0389797,2248.2514147429456
3301718820,43.1863602,-70.8836226,2304.067351904671
3301719700,43.1170615,-70.9188067,2315.2968717848867
3301741460,43.1192018,-71.0070824,2289.887575825434
3301744820,43.1746071,-70.9414534,2291.67107183754
3301747700,43.4830066,-71.0706405,2183.6211051363352
3301751220,43.4636867,-71.1521398,2154.587267879503
3301765140,43.2984927,-70.9770055,2256.2225334576688
3300386420,43.6144485,-71.1691559,2140.4496500436676
3301900260,43.2139225,-72.2870332,2011.4318839033115
3301912900,43.38647,-72.3344957,1952.886683943163
3301915060,43.472988,-72.3117491,1925.3927719432338
3301916340,43.4442265,-72.1783487,1940.3099023677855
3301940900,43.1866823,-72.3599713,2030.9909279030849
3300307940,43.5612794,-71.0933914,2165.8790959189546
3301551380,43.0385087,-70.9679535,2339.127770141219
3301380020,43.3065724,-71.7256823,2076.2588718698935
3301384900,43.4432836,-71.9224456,1996.9190239111153
3301319460,43.116395,-71.5954369,2105.039863088261
3301327380,43.4539146,-71.669893,2049.173335894775
3301360020,43.1677223,-71.4385169,2103.2512959340556
4400105140,41.7330374,-71.3196762,2377.3999911009396
4400109280,41.6757303,-71.273331,2377.5359576970013
4400173760,41.7251381,-71.2588051,2375.4433879734975
4400557880,41.5921405,-71.2835764,2405.3294198800004
4400536820,41.5197301,-71.3710759,2437.5548063139504
4400948340,41.3999951,-71.4864778,2478.5619920686127
4400950500,41.1946421,-71.5723773,2467.671776014473
4400935380,41.4790724,-71.7579343,2380.1070799100944
4400951580,41.5715271,-71.4499072,2414.0726038259077
4400961160,41.4947074,-71.6693091,2414.8667438590846
4400542400,41.5028606,-71.1658085,2435.31345592
4400549960,41.4766815,-71.3196274,2448.4517279463134
4400374300,41.7030847,-71.4203098,2380.815496876975
4400378440,41.6790059,-71.5186877,2391.504340011388
4400377720,41.628605,-71.6588737,2437.430044105261
4400711800,41.9702909,-71.6986597,2371.451855869728
4400714140,41.8900642,-71.3934808,2419.923112119999
4400751760,41.8615872,-71.4568791,2406.6713921200003
4400727460,41.7887835,-71.7349343,2440.691959919999
4400730340,41.8943197,-71.6869053,2404.7395061040775
4400766200,41.9009446,-71.5288897,2416.2599400543386
4400722960,41.7999563,-71.3565841,2388.98951208
4400977000,41.325598,-71.7891408,2416.5160638151447
4400754640,41.8748244,-71.3733235,2413.91571216
4400759000,41.8230558,-71.4187841,2394.5333920800003
4400720080,41.9669126,-71.4289326,2433.514639119573
4400737720,41.8274402,-71.5198792,2400.654607252297
4400752480,41.9751863,-71.5440692,2416.0116165796303
4400967460,41.4108465,-71.547469,2471.0021399343923
4400318640,41.6983041,-71.6577329,2442.855896050527
4400322240,41.6368592,-71.5070415,2394.843751971461
4400764220,41.8034573,-71.6285324,2433.0876569926677
4400780780,42.0017058,-71.4999487,2425.3076159084912
4400719180,41.7697341,-71.4850489,2388.7058680257983
4400741500,41.9154548,-71.4498149,2426.7091520799995
4400925300,41.5703233,-71.6269918,2425.0159732527445
4400914500,41.3713769,-71.6803353,2437.308599819229
4400570880,41.6079616,-71.1825564,2395.0892159199993
4400545460,41.5186728,-71.2816845,2434.0015978867036
4400500000,41.4102788,-71.3027192,NA
5001159125,44.9485816,-72.5990709,1713.3297920399991
5001124925,44.702379,-72.9977471,1702.1993878988956
5001161750,44.8113612,-73.1458957,1679.9935387153798
5001535050,44.6242619,-72.5704166,1730.1271359424322
5002770375,43.7507975,-72.7609138,1896.4042999600001
5002777500,43.3921094,-72.4767836,1977.7686799254457
5002783050,43.4714681,-72.5026184,1955.6477117887107
5002784925,43.4753573,-72.4210442,1940.9395519428954
5002785975,43.5943771,-72.5482791,1926.6429879425002
5002769550,43.2838145,-72.4828448,2011.0143289832613
5002782000,43.3214411,-72.8029029,2010.93285585829
5002107750,43.8053476,-73.0753206,1846.3852200105762
5002111950,43.6527184,-73.161205,1861.0453992476018
5002344500,44.3189986,-72.6319489,1803.0417970875951
5002114350,43.773182,-72.9058602,1875.6508286235346
5001546675,44.5469642,-72.6422,1770.2083508650578
5000902125,44.9408065,-71.6547774,1665.2064399200008
5000902162,44.9111607,-71.8186969,1674.321431919999
5000906325,44.8182085,-71.6287138,1708.944939880002
5000908725,44.8024831,-71.8753956,1701.5146605762852
5000915250,44.4390845,-71.826104,1760.4877797524614
5000921250,44.6638096,-71.8052957,1741.6856959199995
5000929125,44.5986126,-71.7472803,1758.217249599924
5001585375,44.5701912,-72.4494248,1733.077055960001
5001504375,44.7588431,-72.6776844,1697.8776559199996
5001511500,44.6265471,-72.8153714,1745.7777735053035
5000930775,44.5407127,-71.6100731,1771.9999999999998
5000939775,44.8703006,-71.7370282,1683.131475263784
5000952750,44.977295,-71.804338,1659.4651421640601
5000975175,44.5587869,-71.8169167,1759.4455719600005
5000976562,44.9121991,-71.8761221,1675.072215919999
5000976337,44.9223119,-71.9126024,1674.8225719600007
5001523500,44.7144313,-72.5394153,1709.53648792
5001523725,44.4880711,-72.5142868,1753.3456056377734
5001537075,44.6481239,-72.6888397,1731.1753958799986
5001570525,44.4918064,-72.7126105,1828.9727079059699
5001577425,44.7376369,-72.7617729,1703.9671439200006
5001300860,44.9578823,-73.2919738,1646.6288031757574
5001329275,44.7162872,-73.2996266,1673.090343939832
5001335875,44.8713248,-73.3491998,1637.5370479399858
5001350650,44.8350813,-73.2256575,1666.7113439396016
5001367000,44.6285484,-73.3088248,1677.515215939859
5000301450,43.0625213,-73.2223049,1981.8204045735474
5000362875,43.1847877,-73.1802673,1976.061323918922
5000714875,44.5463972,-73.220493,1702.9731759395845
5000762050,44.3756415,-73.1119798,1749.124847958496
5001981700,44.7659825,-71.9972546,1714.1641999199996
5001980200,44.8834736,-72.4849577,1701.5168320400003
5000910075,44.7198109,-71.6728385,1736.1274558547846
5002701300,43.2926045,-72.7225388,2029.6495599121229
5002702575,43.3556185,-72.5593989,2003.2145950944564
5002732275,43.6646844,-72.3861377,1897.73787196
5002752900,43.7776111,-72.3239806,1885.8089959368026
5002760100,43.8794083,-72.8316848,1864.9217737880094
5001171725,44.9096192,-73.123862,1681.6365599792853
5001707600,43.9670716,-72.7086036,1824.4352479420045
5001709325,44.0239083,-72.5878915,1799.2620079199987
5001715700,44.0432245,-72.2823784,1818.2522398400008
5001725675,43.9180101,-72.1802405,1859.6775759200013
5001753425,44.1665554,-72.3466004,1757.9819089299594
5001758075,43.9216848,-72.6109151,1832.5032839023067
5001770675,43.8720045,-72.3625325,1863.7189199199997
5001772400,43.8367087,-72.2494962,1880.148174595293
5001773075,44.1627668,-72.2661552,1760.8899088757216
5001773675,43.9006022,-72.4853535,1843.9656481388677
5001774950,43.9567647,-72.3265387,1846.1630245333695
5001779975,43.9242822,-72.2209382,1858.1722719200009
5001784175,44.1109048,-72.5415256,1781.2838955195161
5001707375,44.0121764,-72.1582963,1827.116495879999
5001776750,44.0761653,-72.4226326,1793.9423435862873
5000128600,43.864713,-72.9901335,1855.4184199388706
5000109025,44.0978095,-73.0485314,1797.2019518990528
5001936325,44.9566315,-72.5073198,1711.8580200275196
5001903550,44.7702278,-72.149733,1705.6773678962627
5001928075,44.678709,-72.2333825,1720.6039398965236
5001900475,44.7360043,-72.3359675,1705.1794839600004
5001909850,44.8291789,-72.1276035,1693.185836561285
5001913150,44.8709775,-72.0250311,1687.9826999599995
5001916150,44.8881264,-72.2341924,1682.9701649046722
5001916300,44.6496938,-72.3877627,1719.5221402659408
5001930175,44.6076703,-72.2886021,1730.0824794136533
5001933775,44.9721002,-71.9869694,1670.8479759600002
5000706550,44.3998598,-72.8773967,1853.534563287747
5001935575,44.8192416,-72.2827405,1693.1910079600007
5001940525,44.7934371,-72.4584514,1701
5001946450,44.8959364,-71.9412652,1680.980852097607
5001948850,44.9415975,-72.2194775,1679
5001948925,44.9321187,-72.3001309,1686.5157080232702
5001973525,44.9316643,-72.3849151,1695.989528063007
5000713300,44.3057701,-73.2356366,1733.0311959396322
5000733475,44.3327011,-73.0874086,1758.0219359583432
5000734600,44.312539,-72.9521082,1810.0021040350084
5000736700,44.4644544,-72.9631555,1806.9031157739355
5000108575,43.9817242,-73.3319365,1804.3861919199996
5000126300,44.2031331,-73.2791964,1751.2480559199998
5000153725,43.8090987,-73.2779922,1832.4081559600006
5000139325,43.8745281,-73.0997492,1836.3217536749085
5000148700,44.1049674,-73.1657672,1784.4157598994157
5001713525,43.9897471,-72.4549526,1819.0967318572089
5001748175,44.1193206,-72.117434,1785.5445838799992
5000561525,44.2222488,-72.1109091,1741.681339856142
5000577125,44.3628571,-71.9342681,1746.404447195518
5000517125,44.4375039,-72.1248218,1735.00046804
5000502875,44.3126302,-72.0667786,1728.0000000000002
5000710675,44.491927,-73.2388823,1704.6938878629753
5000764300,44.3926737,-73.2434343,1718.7761928663297
5000766175,44.4502368,-73.276946,1702.0045439195223
5000784475,44.4291659,-73.0963101,1748.8284558976013
5002303250,44.183028,-72.4751549,1760.3335230385028
5002346225,44.250797,-72.6879242,1805.9396321861993
5002305650,44.2044832,-72.6075913,1780.4109560223153
5002355825,44.243049,-72.3980449,1741.3341199600004
5002311350,44.3616211,-72.4658304,1748.6938280855127
5002303175,44.1990877,-72.5079788,1763.0669319826266
5002321925,44.296123,-72.5069208,1758.6724801002242
5002325825,44.2221472,-72.8852376,1803.858304037092
5002343600,44.2959503,-72.3462288,1730.033419983129
5002346000,44.2664485,-72.5715237,1775.6395080848574
5002350275,44.147613,-72.6912748,1791.8092144667235
5002360625,44.0651077,-72.7296247,1803.742039981939
5002375325,44.1805737,-72.7937244,1802.1688440399987
5001917350,44.9516962,-72.1363029,1675.29645596
5002105200,43.7100616,-73.3029712,1851.2926079599997
5002144800,43.4828326,-73.1274581,1897.6802638799995
5002175925,43.427094,-72.9499415,1929.7506197787475
5002114500,43.5311614,-72.9891642,1876.4734611598801
5002116825,43.3383307,-73.0965753,1954.6119118592017
5002134450,43.7339667,-73.1635384,1847.42399596
5002135425,43.5685618,-73.0974179,1869.7353159407974
5002137685,43.657594,-72.7844065,1902.3311599164635
5002144125,43.6245775,-72.9102039,1872.5510639572458
5002147200,43.4345319,-72.797518,1959.0203677965458
5002154250,43.3606692,-73.186323,1933.800327859481
5002155450,43.8040809,-72.8369731,1882.073519938396
5002156875,43.5399354,-73.1891929,1880.4155039200002
5002161225,43.6096702,-72.9777884,1861.5049679388326
5002165275,43.5234408,-72.8601708,1899.6203198369305
5002376525,44.1125264,-72.8740304,1805.99366392
5002385525,44.4580811,-72.3791338,1740.4678794276501
5002386125,44.4247095,-72.5954172,1788.3583432720584
5002171050,43.7982284,-73.1742733,1836.7125919600005
5002172925,43.4308833,-73.0783699,1919.4579281700646
5002177950,43.442986,-73.1910858,1904.447720332422
5002182300,43.6221222,-73.0627288,1857.8453359599998
5002125375,43.6206053,-73.2603553,1866.0273639599995
5002376975,44.3682706,-72.7524538,1861.731245501582
5002509475,43.0254956,-72.6112831,2101.3215838799993
5002517875,42.9654896,-72.8471074,2122.770855858428
5002528900,43.1818613,-72.6166363,2057.3532879199997
5002530925,42.7739623,-72.6186917,2160.3455437520092
5002531150,42.7839966,-72.7481962,2160.2835440218796
5002536175,43.1026637,-72.8200136,2061.819791818343
5002543375,42.8807639,-72.7361351,2156.4842688626522
5000327962,42.97375,-73.0752397,2051.7137078574056
5000339025,43.2645492,-72.8506398,2019.354639876877
5000342850,43.1652229,-73.0630531,2005.2137598781906
5000355000,43.2782855,-72.9345411,1997.6040927725612
5000357025,42.78568,-73.2102684,2041.9138981214835
5000358600,42.7909426,-72.9726397,2121.1329439152605
5000361000,43.2528541,-73.1973476,1964.1333038995126
5000363550,42.9787706,-73.2134765,2000.860695879129
5000571575,44.6650706,-72.0359728,1740.5663198959107
5000575700,44.4878264,-72.224999,1738.03916804
5000583500,44.5611533,-72.1598694,1745.3156719762933
5002155600,43.7099607,-73.0484586,1851
5002157250,43.646108,-73.036066,1854.1664082160205
5002147425,43.3508069,-72.9216255,1973.057721372436
5002161300,43.6446502,-72.9530419,1862.3927571412526
5002180875,43.6392552,-73.3615947,1860.9999999999998
5002565762,42.991346,-72.971681,2089.3102798164355
5002570750,43.0822783,-72.9157329,2057.3571237572833
5002573300,43.0828562,-72.6814792,2076.8370078979124
5002583950,42.7805148,-72.8694433,2153.4683991098937
5002584700,42.8810199,-72.8655808,2146.8158318769656
5000369775,42.808047,-73.0762766,2074.574783897415
5000371425,43.082047,-73.066766,2024.2848798782159
5000385075,43.1689463,-72.9723859,2017.2665798988128
5000385675,42.9082823,-73.0783654,2059.7945798974356
5000162575,43.9254949,-73.1115282,1827.6738439184955
5000925975,44.7278812,-71.7874222,1725.4627678800005
5001127700,44.7224385,-73.1284519,1688.8931519392993
5002311125,44.3849795,-72.2894812,1725.6975400400001
5002702725,43.6987923,-72.6338507,1904.2898479200003
5002705800,43.864162,-72.6951076,1862.314591902044
5002708275,43.640431,-72.6898013,1916.6482799599996
5002712250,43.3981554,-72.5996466,1994.6216479023406
5002713675,43.285091,-72.629196,2032.5791774878899
5002576225,43.0194784,-72.8121484,2103.685699741868
5002732425,43.5805108,-72.4389109,1918.1500112920546
5002741275,43.3953158,-72.7038222,1994.2276478579815
5002756050,43.5088509,-72.6937549,1944.8124998359026
5002756350,43.6996064,-72.5117644,1896.0944639200006
5002758375,43.4964932,-72.599969,1956.7624478799985
5002760850,43.8284169,-72.5583609,1863.1799439200008
5002763775,43.7875746,-72.4351726,1876.9845961171425
5000911800,44.9913563,-71.5980243,1659.811571894551
5000939700,44.8820056,-71.5802905,1690.8431238544952
5000941425,44.4709955,-71.7059469,1765.0000000000002
5000942475,44.6474223,-71.6322114,1758.3229468228715
5000759275,44.3821727,-72.9798316,1808.6010398941926
5000773975,44.5423672,-72.8832262,1800.2368044118439
5000780350,44.6074224,-73.0036416,1727.953951837827
5000785150,44.495587,-73.1848573,1716.6638079189493
5000710300,44.1984222,-72.9477429,1790.5417039574777
5000724175,44.5273788,-73.0701145,1741.8839052598446
5002548400,42.9727535,-72.7040391,2123.2934319020173
5002560250,43.1704749,-72.5065934,2051.09854934782
5002581400,43.0746825,-72.5080568,2083.6142998800005
5002584850,43.173914,-72.7014373,2055.8367648606954
5000116000,43.9629183,-73.2177012,1808.306793457793
5000129575,44.0052914,-72.8413144,1828.1877919415922
5000131525,43.9053287,-72.918171,1853.72111192
5000144350,44.0018997,-73.1190475,1813.5446332398592
5000145550,44.2270403,-73.1317208,1757.7203786569846
5002318550,44.2991695,-72.8475207,1844.7960520768524
5000153950,44.1304184,-73.3401912,1768.6995839199992
5000159650,43.9849365,-72.9967754,1830.5021918988905
5000165050,43.8992426,-73.3153144,1817.790447380844
5000170075,44.2102844,-72.9934529,1782.3615988303852
5000174650,44.1676604,-73.2553163,1762.089728854874
5000176075,44.1239371,-73.2293622,1775.24635669774
5000100325,44.0585392,-73.3323146,1787.9505919200012
5000183275,44.0403287,-73.2227845,1795.3211119199989
5000745250,44.6459082,-73.1592206,1696.3845439393956
5000140075,44.0929248,-72.9735212,1805.6980479200006
5000183800,43.8764212,-73.2125363,1823.3265350564564
5001102500,44.7883525,-72.779739,1693.9663799817822
5000569925,44.5255597,-72.1814825,1742.5671640400003
5001105425,44.9719337,-72.7428413,1707.491088018104
5001124050,44.877815,-72.7507619,1693.342301619618
5001125225,44.8083126,-72.9280479,1691.9999999999998
5001126500,44.7126159,-72.9004565,1706.9721839199997
5001127100,44.9767688,-72.90172,1695.209118358099
5001145850,44.860092,-72.6052451,1698.71104004
5001161675,44.8115382,-73.0844618,1685.042078809956
5001164600,44.8985769,-72.9214255,1691
5002507900,42.860187,-72.6330776,2143.407822186119
5002518325,42.9225376,-72.5994269,2129.5909759199994
5002540225,43.2103545,-72.7989245,2037.0484776951228
5002557700,42.9951916,-72.5298301,2110.233627942558
5002574800,42.7641329,-72.5220862,2157.758447942582
5000363175,42.8902966,-72.9634911,2117.9720198563646
5001133025,44.9631977,-73.0598568,1690.374352094933
5000510450,44.6108633,-71.9309439,1751.1964039600005
5000530550,44.2324532,-72.2575155,1737.8168478799998
5000531825,44.5187137,-72.348965,1738
5002501900,43.1171099,-72.5989588,2070.8936239199993
5000304825,42.8849904,-73.2126416,2024.551327858685
5000317725,43.283855,-73.111656,1969.9760798992465
5000537900,44.5099545,-71.929326,1757.9808799755797
5000541725,44.5514589,-72.0128704,1753.9555519758394
5000547725,44.7354157,-71.9395316,1723.5002319200007
5000554400,44.328927,-72.1998339,1721.5199319764183
5000562200,44.4603024,-72.0049239,1745.6454200158146
5000564075,44.6407389,-72.1108852,1741.2979784488457
